model_name,model_id,representative_run_id,rank,true_label_name,predicted_label_name,count
TF-IDF + MLP,mlp,run_01_seed_42,1,oos,calculator,19
TF-IDF + MLP,mlp,run_01_seed_42,2,oos,w2,19
TF-IDF + MLP,mlp,run_01_seed_42,3,oos,recipe,16
TF-IDF + MLP,mlp,run_01_seed_42,4,oos,smart_home,16
TF-IDF + MLP,mlp,run_01_seed_42,5,oos,directions,13
TF-IDF + MLP,mlp,run_01_seed_42,6,oos,income,10
TF-IDF + MLP,mlp,run_01_seed_42,7,oos,order,10
TF-IDF + MLP,mlp,run_01_seed_42,8,oos,spelling,10
TF-IDF + MLP,mlp,run_01_seed_42,9,oos,travel_suggestion,10
TF-IDF + MLP,mlp,run_01_seed_42,10,oos,definition,9
Text CNN,text_cnn,run_03_seed_2024,1,oos,directions,33
Text CNN,text_cnn,run_03_seed_2024,2,oos,recipe,25
Text CNN,text_cnn,run_03_seed_2024,3,oos,todo_list,24
Text CNN,text_cnn,run_03_seed_2024,4,oos,travel_suggestion,20
Text CNN,text_cnn,run_03_seed_2024,5,oos,order,18
Text CNN,text_cnn,run_03_seed_2024,6,oos,car_rental,16
Text CNN,text_cnn,run_03_seed_2024,7,oos,smart_home,15
Text CNN,text_cnn,run_03_seed_2024,8,oos,sync_device,15
Text CNN,text_cnn,run_03_seed_2024,9,oos,find_phone,14
Text CNN,text_cnn,run_03_seed_2024,10,oos,restaurant_suggestion,13
BiLSTM,bilstm,run_02_seed_1337,1,oos,order,48
BiLSTM,bilstm,run_02_seed_1337,2,oos,smart_home,32
BiLSTM,bilstm,run_02_seed_1337,3,oos,whisper_mode,27
BiLSTM,bilstm,run_02_seed_1337,4,oos,shopping_list_update,25
BiLSTM,bilstm,run_02_seed_1337,5,oos,definition,23
BiLSTM,bilstm,run_02_seed_1337,6,oos,ingredients_list,22
BiLSTM,bilstm,run_02_seed_1337,7,oos,calculator,19
BiLSTM,bilstm,run_02_seed_1337,8,oos,directions,19
BiLSTM,bilstm,run_02_seed_1337,9,oos,nutrition_info,17
BiLSTM,bilstm,run_02_seed_1337,10,oos,tell_joke,16
