run_name,best_epoch,best_val_metric,training_duration,checkpoint_path,reason_for_stopping,hidden_dim,second_hidden_dim,dropout_rate,learning_rate,weight_decay,batch_size,max_epochs,early_stopping_patience,optimizer,activation,use_class_weights,use_lr_scheduler,random_seed,monitor_metric,oos_strategy
h256_d0.2_lr0001_wd00_1layer_s42,6,0.888909425539276,15.61897611618042,/Users/alexanderiwoh/Programming-Local/GitHub/clinc150-project/outputs/checkpoints/mlp_best_h256_d0.2_lr0001_wd00_1layer_s42.pt,patience_exceeded,256,,0.2,0.001,0.0,64,100,10,adam,relu,False,False,42,val_macro_f1,explicit_class
h256_d0.2_lr0001_wd00001_1layer_s42,14,0.8952769585952557,25.947084188461304,/Users/alexanderiwoh/Programming-Local/GitHub/clinc150-project/outputs/checkpoints/mlp_best_h256_d0.2_lr0001_wd00001_1layer_s42.pt,patience_exceeded,256,,0.2,0.001,0.0001,64,100,10,adam,relu,False,False,42,val_macro_f1,explicit_class
h256_d0.2_lr00005_wd00_1layer_s42,14,0.885859223895038,24.696823835372925,/Users/alexanderiwoh/Programming-Local/GitHub/clinc150-project/outputs/checkpoints/mlp_best_h256_d0.2_lr00005_wd00_1layer_s42.pt,patience_exceeded,256,,0.2,0.0005,0.0,64,100,10,adam,relu,False,False,42,val_macro_f1,explicit_class
h256_d0.2_lr00005_wd00001_1layer_s42,28,0.8949807075769627,40.07526397705078,/Users/alexanderiwoh/Programming-Local/GitHub/clinc150-project/outputs/checkpoints/mlp_best_h256_d0.2_lr00005_wd00001_1layer_s42.pt,patience_exceeded,256,,0.2,0.0005,0.0001,64,100,10,adam,relu,False,False,42,val_macro_f1,explicit_class
h256_d0.3_lr0001_wd00_1layer_s42,9,0.8895911023220068,20.294186115264893,/Users/alexanderiwoh/Programming-Local/GitHub/clinc150-project/outputs/checkpoints/mlp_best_h256_d0.3_lr0001_wd00_1layer_s42.pt,patience_exceeded,256,,0.3,0.001,0.0,64,100,10,adam,relu,False,False,42,val_macro_f1,explicit_class
h256_d0.3_lr0001_wd00001_1layer_s42,14,0.8953113038006575,25.513052225112915,/Users/alexanderiwoh/Programming-Local/GitHub/clinc150-project/outputs/checkpoints/mlp_best_h256_d0.3_lr0001_wd00001_1layer_s42.pt,patience_exceeded,256,,0.3,0.001,0.0001,64,100,10,adam,relu,False,False,42,val_macro_f1,explicit_class
h256_d0.3_lr00005_wd00_1layer_s42,12,0.8870856158824107,23.53441882133484,/Users/alexanderiwoh/Programming-Local/GitHub/clinc150-project/outputs/checkpoints/mlp_best_h256_d0.3_lr00005_wd00_1layer_s42.pt,patience_exceeded,256,,0.3,0.0005,0.0,64,100,10,adam,relu,False,False,42,val_macro_f1,explicit_class
h256_d0.3_lr00005_wd00001_1layer_s42,26,0.8964496451978323,37.462544202804565,/Users/alexanderiwoh/Programming-Local/GitHub/clinc150-project/outputs/checkpoints/mlp_best_h256_d0.3_lr00005_wd00001_1layer_s42.pt,patience_exceeded,256,,0.3,0.0005,0.0001,64,100,10,adam,relu,False,False,42,val_macro_f1,explicit_class
h256_d0.5_lr0001_wd00_1layer_s42,22,0.887703469396927,33.15623903274536,/Users/alexanderiwoh/Programming-Local/GitHub/clinc150-project/outputs/checkpoints/mlp_best_h256_d0.5_lr0001_wd00_1layer_s42.pt,patience_exceeded,256,,0.5,0.001,0.0,64,100,10,adam,relu,False,False,42,val_macro_f1,explicit_class
h256_d0.5_lr0001_wd00001_1layer_s42,22,0.899208485327552,34.09928917884827,/Users/alexanderiwoh/Programming-Local/GitHub/clinc150-project/outputs/checkpoints/mlp_best_h256_d0.5_lr0001_wd00001_1layer_s42.pt,patience_exceeded,256,,0.5,0.001,0.0001,64,100,10,adam,relu,False,False,42,val_macro_f1,explicit_class
h256_d0.5_lr00005_wd00_1layer_s42,16,0.8897728840798349,28.640310049057007,/Users/alexanderiwoh/Programming-Local/GitHub/clinc150-project/outputs/checkpoints/mlp_best_h256_d0.5_lr00005_wd00_1layer_s42.pt,patience_exceeded,256,,0.5,0.0005,0.0,64,100,10,adam,relu,False,False,42,val_macro_f1,explicit_class
h256_d0.5_lr00005_wd00001_1layer_s42,38,0.895642267854564,51.89493179321289,/Users/alexanderiwoh/Programming-Local/GitHub/clinc150-project/outputs/checkpoints/mlp_best_h256_d0.5_lr00005_wd00001_1layer_s42.pt,patience_exceeded,256,,0.5,0.0005,0.0001,64,100,10,adam,relu,False,False,42,val_macro_f1,explicit_class
h512_d0.2_lr0001_wd00_1layer_s42,10,0.8869437676494196,23.924108028411865,/Users/alexanderiwoh/Programming-Local/GitHub/clinc150-project/outputs/checkpoints/mlp_best_h512_d0.2_lr0001_wd00_1layer_s42.pt,patience_exceeded,512,,0.2,0.001,0.0,64,100,10,adam,relu,False,False,42,val_macro_f1,explicit_class
h512_d0.2_lr0001_wd00001_1layer_s42,19,0.8965023109414939,40.419638872146606,/Users/alexanderiwoh/Programming-Local/GitHub/clinc150-project/outputs/checkpoints/mlp_best_h512_d0.2_lr0001_wd00001_1layer_s42.pt,patience_exceeded,512,,0.2,0.001,0.0001,64,100,10,adam,relu,False,False,42,val_macro_f1,explicit_class
h512_d0.2_lr00005_wd00_1layer_s42,7,0.8868662453802412,21.887138843536377,/Users/alexanderiwoh/Programming-Local/GitHub/clinc150-project/outputs/checkpoints/mlp_best_h512_d0.2_lr00005_wd00_1layer_s42.pt,patience_exceeded,512,,0.2,0.0005,0.0,64,100,10,adam,relu,False,False,42,val_macro_f1,explicit_class
h512_d0.2_lr00005_wd00001_1layer_s42,17,0.8974907262671379,36.516212940216064,/Users/alexanderiwoh/Programming-Local/GitHub/clinc150-project/outputs/checkpoints/mlp_best_h512_d0.2_lr00005_wd00001_1layer_s42.pt,patience_exceeded,512,,0.2,0.0005,0.0001,64,100,10,adam,relu,False,False,42,val_macro_f1,explicit_class
h512_d0.3_lr0001_wd00_1layer_s42,9,0.8878530558240612,25.752385139465332,/Users/alexanderiwoh/Programming-Local/GitHub/clinc150-project/outputs/checkpoints/mlp_best_h512_d0.3_lr0001_wd00_1layer_s42.pt,patience_exceeded,512,,0.3,0.001,0.0,64,100,10,adam,relu,False,False,42,val_macro_f1,explicit_class
h512_d0.3_lr0001_wd00001_1layer_s42,10,0.8962271704871653,28.12840223312378,/Users/alexanderiwoh/Programming-Local/GitHub/clinc150-project/outputs/checkpoints/mlp_best_h512_d0.3_lr0001_wd00001_1layer_s42.pt,patience_exceeded,512,,0.3,0.001,0.0001,64,100,10,adam,relu,False,False,42,val_macro_f1,explicit_class
h512_d0.3_lr00005_wd00_1layer_s42,16,0.8871963046982059,34.26024079322815,/Users/alexanderiwoh/Programming-Local/GitHub/clinc150-project/outputs/checkpoints/mlp_best_h512_d0.3_lr00005_wd00_1layer_s42.pt,patience_exceeded,512,,0.3,0.0005,0.0,64,100,10,adam,relu,False,False,42,val_macro_f1,explicit_class
h512_d0.3_lr00005_wd00001_1layer_s42,23,0.8966089739035781,47.411072969436646,/Users/alexanderiwoh/Programming-Local/GitHub/clinc150-project/outputs/checkpoints/mlp_best_h512_d0.3_lr00005_wd00001_1layer_s42.pt,patience_exceeded,512,,0.3,0.0005,0.0001,64,100,10,adam,relu,False,False,42,val_macro_f1,explicit_class
h512_d0.5_lr0001_wd00_1layer_s42,11,0.8890207138675182,26.78461718559265,/Users/alexanderiwoh/Programming-Local/GitHub/clinc150-project/outputs/checkpoints/mlp_best_h512_d0.5_lr0001_wd00_1layer_s42.pt,patience_exceeded,512,,0.5,0.001,0.0,64,100,10,adam,relu,False,False,42,val_macro_f1,explicit_class
h512_d0.5_lr0001_wd00001_1layer_s42,12,0.8995450175593113,26.74034094810486,/Users/alexanderiwoh/Programming-Local/GitHub/clinc150-project/outputs/checkpoints/mlp_best_h512_d0.5_lr0001_wd00001_1layer_s42.pt,patience_exceeded,512,,0.5,0.001,0.0001,64,100,10,adam,relu,False,False,42,val_macro_f1,explicit_class
h512_d0.5_lr00005_wd00_1layer_s42,25,0.8904745725891853,42.38748812675476,/Users/alexanderiwoh/Programming-Local/GitHub/clinc150-project/outputs/checkpoints/mlp_best_h512_d0.5_lr00005_wd00_1layer_s42.pt,patience_exceeded,512,,0.5,0.0005,0.0,64,100,10,adam,relu,False,False,42,val_macro_f1,explicit_class
h512_d0.5_lr00005_wd00001_1layer_s42,26,0.8976504226773889,47.19322609901428,/Users/alexanderiwoh/Programming-Local/GitHub/clinc150-project/outputs/checkpoints/mlp_best_h512_d0.5_lr00005_wd00001_1layer_s42.pt,patience_exceeded,512,,0.5,0.0005,0.0001,64,100,10,adam,relu,False,False,42,val_macro_f1,explicit_class
h1024_d0.2_lr0001_wd00_1layer_s42,6,0.8869419511461827,27.18417501449585,/Users/alexanderiwoh/Programming-Local/GitHub/clinc150-project/outputs/checkpoints/mlp_best_h1024_d0.2_lr0001_wd00_1layer_s42.pt,patience_exceeded,1024,,0.2,0.001,0.0,64,100,10,adam,relu,False,False,42,val_macro_f1,explicit_class
h1024_d0.2_lr0001_wd00001_1layer_s42,9,0.8913106718210541,32.32771015167236,/Users/alexanderiwoh/Programming-Local/GitHub/clinc150-project/outputs/checkpoints/mlp_best_h1024_d0.2_lr0001_wd00001_1layer_s42.pt,patience_exceeded,1024,,0.2,0.001,0.0001,64,100,10,adam,relu,False,False,42,val_macro_f1,explicit_class
h1024_d0.2_lr00005_wd00_1layer_s42,13,0.8866962257183594,38.81040406227112,/Users/alexanderiwoh/Programming-Local/GitHub/clinc150-project/outputs/checkpoints/mlp_best_h1024_d0.2_lr00005_wd00_1layer_s42.pt,patience_exceeded,1024,,0.2,0.0005,0.0,64,100,10,adam,relu,False,False,42,val_macro_f1,explicit_class
h1024_d0.2_lr00005_wd00001_1layer_s42,15,0.8953100963530929,42.99437594413757,/Users/alexanderiwoh/Programming-Local/GitHub/clinc150-project/outputs/checkpoints/mlp_best_h1024_d0.2_lr00005_wd00001_1layer_s42.pt,patience_exceeded,1024,,0.2,0.0005,0.0001,64,100,10,adam,relu,False,False,42,val_macro_f1,explicit_class
h1024_d0.3_lr0001_wd00_1layer_s42,6,0.8881150200072141,25.450813055038452,/Users/alexanderiwoh/Programming-Local/GitHub/clinc150-project/outputs/checkpoints/mlp_best_h1024_d0.3_lr0001_wd00_1layer_s42.pt,patience_exceeded,1024,,0.3,0.001,0.0,64,100,10,adam,relu,False,False,42,val_macro_f1,explicit_class
h1024_d0.3_lr0001_wd00001_1layer_s42,13,0.8952856376171634,38.98539686203003,/Users/alexanderiwoh/Programming-Local/GitHub/clinc150-project/outputs/checkpoints/mlp_best_h1024_d0.3_lr0001_wd00001_1layer_s42.pt,patience_exceeded,1024,,0.3,0.001,0.0001,64,100,10,adam,relu,False,False,42,val_macro_f1,explicit_class
h1024_d0.3_lr00005_wd00_1layer_s42,10,0.8880396817092175,31.59674882888794,/Users/alexanderiwoh/Programming-Local/GitHub/clinc150-project/outputs/checkpoints/mlp_best_h1024_d0.3_lr00005_wd00_1layer_s42.pt,patience_exceeded,1024,,0.3,0.0005,0.0,64,100,10,adam,relu,False,False,42,val_macro_f1,explicit_class
h1024_d0.3_lr00005_wd00001_1layer_s42,15,0.8972925079960384,41.75509309768677,/Users/alexanderiwoh/Programming-Local/GitHub/clinc150-project/outputs/checkpoints/mlp_best_h1024_d0.3_lr00005_wd00001_1layer_s42.pt,patience_exceeded,1024,,0.3,0.0005,0.0001,64,100,10,adam,relu,False,False,42,val_macro_f1,explicit_class
h1024_d0.5_lr0001_wd00_1layer_s42,7,0.8903031565295895,27.532116889953613,/Users/alexanderiwoh/Programming-Local/GitHub/clinc150-project/outputs/checkpoints/mlp_best_h1024_d0.5_lr0001_wd00_1layer_s42.pt,patience_exceeded,1024,,0.5,0.001,0.0,64,100,10,adam,relu,False,False,42,val_macro_f1,explicit_class
h1024_d0.5_lr0001_wd00001_1layer_s42,17,0.8957573376509477,50.89047598838806,/Users/alexanderiwoh/Programming-Local/GitHub/clinc150-project/outputs/checkpoints/mlp_best_h1024_d0.5_lr0001_wd00001_1layer_s42.pt,patience_exceeded,1024,,0.5,0.001,0.0001,64,100,10,adam,relu,False,False,42,val_macro_f1,explicit_class
h1024_d0.5_lr00005_wd00_1layer_s42,10,0.8902194775383042,35.44893479347229,/Users/alexanderiwoh/Programming-Local/GitHub/clinc150-project/outputs/checkpoints/mlp_best_h1024_d0.5_lr00005_wd00_1layer_s42.pt,patience_exceeded,1024,,0.5,0.0005,0.0,64,100,10,adam,relu,False,False,42,val_macro_f1,explicit_class
h1024_d0.5_lr00005_wd00001_1layer_s42,17,0.8965560334380596,46.61370587348938,/Users/alexanderiwoh/Programming-Local/GitHub/clinc150-project/outputs/checkpoints/mlp_best_h1024_d0.5_lr00005_wd00001_1layer_s42.pt,patience_exceeded,1024,,0.5,0.0005,0.0001,64,100,10,adam,relu,False,False,42,val_macro_f1,explicit_class
h512_d0.3_lr0001_wd00_2layer_h2256_s42,9,0.8707162939434964,27.51623296737671,/Users/alexanderiwoh/Programming-Local/GitHub/clinc150-project/outputs/checkpoints/mlp_best_h512_d0.3_lr0001_wd00_2layer_h2256_s42.pt,patience_exceeded,512,256.0,0.3,0.001,0.0,64,100,10,adam,relu,False,False,42,val_macro_f1,explicit_class
h512_d0.3_lr00005_wd00001_2layer_h2256_s42,14,0.8733710943540625,31.102667093276978,/Users/alexanderiwoh/Programming-Local/GitHub/clinc150-project/outputs/checkpoints/mlp_best_h512_d0.3_lr00005_wd00001_2layer_h2256_s42.pt,patience_exceeded,512,256.0,0.3,0.0005,0.0001,64,100,10,adam,relu,False,False,42,val_macro_f1,explicit_class
h1024_d0.2_lr0001_wd00_2layer_h2256_s42,15,0.8713140545032381,40.83720827102661,/Users/alexanderiwoh/Programming-Local/GitHub/clinc150-project/outputs/checkpoints/mlp_best_h1024_d0.2_lr0001_wd00_2layer_h2256_s42.pt,patience_exceeded,1024,256.0,0.2,0.001,0.0,64,100,10,adam,relu,False,False,42,val_macro_f1,explicit_class
h1024_d0.2_lr00005_wd00001_2layer_h2256_s42,23,0.8740055755190992,56.213446855545044,/Users/alexanderiwoh/Programming-Local/GitHub/clinc150-project/outputs/checkpoints/mlp_best_h1024_d0.2_lr00005_wd00001_2layer_h2256_s42.pt,patience_exceeded,1024,256.0,0.2,0.0005,0.0001,64,100,10,adam,relu,False,False,42,val_macro_f1,explicit_class
