run_name,best_epoch,best_val_metric,best_val_loss,training_duration,checkpoint_path,reason_for_stopping,failure_reason,epochs_completed,total_parameters,trainable_parameters,embedding_dim,num_filters,kernel_sizes,dropout_rate,learning_rate,weight_decay
emb128_nf100_ks3x4x5_d0.2_lr0001_wd00_s42,32,0.8248466027626825,0.9159106983214008,41.062796115875244,outputs/checkpoints/text_cnn_best_emb128_nf100_ks3x4x5_d0.2_lr0001_wd00_s42.pt,patience_exceeded,,42,751159,751159,128,100,"[3, 4, 5]",0.2,0.001,0.0
emb128_nf100_ks3x4x5_d0.3_lr0001_wd00_s42,42,0.8317253860803627,0.9034536170716189,53.024698972702026,outputs/checkpoints/text_cnn_best_emb128_nf100_ks3x4x5_d0.3_lr0001_wd00_s42.pt,patience_exceeded,,52,751159,751159,128,100,"[3, 4, 5]",0.3,0.001,0.0
emb128_nf100_ks3x4x5_d0.5_lr0001_wd00_s42,20,0.8347340954173967,0.8042816036209768,30.79854106903076,outputs/checkpoints/text_cnn_best_emb128_nf100_ks3x4x5_d0.5_lr0001_wd00_s42.pt,patience_exceeded,,30,751159,751159,128,100,"[3, 4, 5]",0.5,0.001,0.0
emb128_nf100_ks3x4x5_d0.2_lr00005_wd00_s42,42,0.8257537537270414,0.851823844167651,51.806354999542236,outputs/checkpoints/text_cnn_best_emb128_nf100_ks3x4x5_d0.2_lr00005_wd00_s42.pt,patience_exceeded,,52,751159,751159,128,100,"[3, 4, 5]",0.2,0.0005,0.0
emb128_nf100_ks3x4x5_d0.3_lr00005_wd00_s42,57,0.8351527443343834,0.8755394500129077,64.42513298988342,outputs/checkpoints/text_cnn_best_emb128_nf100_ks3x4x5_d0.3_lr00005_wd00_s42.pt,patience_exceeded,,67,751159,751159,128,100,"[3, 4, 5]",0.3,0.0005,0.0
emb128_nf100_ks3x4x5_d0.5_lr00005_wd00_s42,31,0.8352257727526249,0.7926275158415035,40.25238609313965,outputs/checkpoints/text_cnn_best_emb128_nf100_ks3x4x5_d0.5_lr00005_wd00_s42.pt,patience_exceeded,,41,751159,751159,128,100,"[3, 4, 5]",0.5,0.0005,0.0
emb128_nf100_ks3x4x5_d0.2_lr00001_wd00_s42,97,0.8168117832503506,0.8563058072206925,98.78598999977112,outputs/checkpoints/text_cnn_best_emb128_nf100_ks3x4x5_d0.2_lr00001_wd00_s42.pt,max_epochs_reached,,100,751159,751159,128,100,"[3, 4, 5]",0.2,0.0001,0.0
emb128_nf100_ks3x4x5_d0.3_lr00001_wd00_s42,95,0.8199187397574316,0.828653061268281,103.16352105140686,outputs/checkpoints/text_cnn_best_emb128_nf100_ks3x4x5_d0.3_lr00001_wd00_s42.pt,max_epochs_reached,,100,751159,751159,128,100,"[3, 4, 5]",0.3,0.0001,0.0
emb128_nf100_ks3x4x5_d0.5_lr00001_wd00_s42,99,0.8216933905764667,0.8177501036196339,99.94270277023315,outputs/checkpoints/text_cnn_best_emb128_nf100_ks3x4x5_d0.5_lr00001_wd00_s42.pt,max_epochs_reached,,100,751159,751159,128,100,"[3, 4, 5]",0.5,0.0001,0.0
emb64_nf64_ks3x4x5_d0.5_lr00005_wd00_s42,62,0.8287164150641921,0.8232959253447396,47.749356746673584,outputs/checkpoints/text_cnn_best_emb64_nf64_ks3x4x5_d0.5_lr00005_wd00_s42.pt,patience_exceeded,,72,354391,354391,64,64,"[3, 4, 5]",0.5,0.0005,0.0
emb64_nf100_ks3x4x5_d0.5_lr00005_wd00_s42,58,0.8301429158269662,0.8155344593889859,56.67162203788757,outputs/checkpoints/text_cnn_best_emb64_nf100_ks3x4x5_d0.5_lr00005_wd00_s42.pt,patience_exceeded,,68,398455,398455,64,100,"[3, 4, 5]",0.5,0.0005,0.0
emb64_nf128_ks3x4x5_d0.5_lr00005_wd00_s42,56,0.8299681497999327,0.8345771921532494,54.79299998283386,outputs/checkpoints/text_cnn_best_emb64_nf128_ks3x4x5_d0.5_lr00005_wd00_s42.pt,patience_exceeded,,66,432727,432727,64,128,"[3, 4, 5]",0.5,0.0005,0.0
emb128_nf64_ks3x4x5_d0.5_lr00005_wd00_s42,53,0.8344272948798575,0.7926516767059054,52.0250928401947,outputs/checkpoints/text_cnn_best_emb128_nf64_ks3x4x5_d0.5_lr00005_wd00_s42.pt,patience_exceeded,,63,679447,679447,128,64,"[3, 4, 5]",0.5,0.0005,0.0
emb128_nf100_ks3x4x5_d0.5_lr00005_wd00_s42,47,0.838985325794598,0.795742599635708,54.482446908950806,outputs/checkpoints/text_cnn_best_emb128_nf100_ks3x4x5_d0.5_lr00005_wd00_s42.pt,patience_exceeded,,57,751159,751159,128,100,"[3, 4, 5]",0.5,0.0005,0.0
emb128_nf128_ks3x4x5_d0.5_lr00005_wd00_s42,41,0.8412702214429244,0.7815177839021293,47.49746513366699,outputs/checkpoints/text_cnn_best_emb128_nf128_ks3x4x5_d0.5_lr00005_wd00_s42.pt,patience_exceeded,,51,806935,806935,128,128,"[3, 4, 5]",0.5,0.0005,0.0
emb256_nf64_ks3x4x5_d0.5_lr00005_wd00_s42,31,0.8471941271350797,0.7746487865034415,36.758496046066284,outputs/checkpoints/text_cnn_best_emb256_nf64_ks3x4x5_d0.5_lr00005_wd00_s42.pt,patience_exceeded,,41,1329559,1329559,256,64,"[3, 4, 5]",0.5,0.0005,0.0
emb256_nf100_ks3x4x5_d0.5_lr00005_wd00_s42,37,0.8565200523723152,0.7204535223391592,49.105977058410645,outputs/checkpoints/text_cnn_best_emb256_nf100_ks3x4x5_d0.5_lr00005_wd00_s42.pt,patience_exceeded,,47,1456567,1456567,256,100,"[3, 4, 5]",0.5,0.0005,0.0
emb256_nf128_ks3x4x5_d0.5_lr00005_wd00_s42,25,0.8537743183241665,0.7298457652938609,36.15447783470154,outputs/checkpoints/text_cnn_best_emb256_nf128_ks3x4x5_d0.5_lr00005_wd00_s42.pt,patience_exceeded,,35,1555351,1555351,256,128,"[3, 4, 5]",0.5,0.0005,0.0
emb256_nf100_ks3x4x5_d0.5_lr00005_wd00_s42,24,0.8491725550448629,0.7556393523605502,35.333024978637695,outputs/checkpoints/text_cnn_best_emb256_nf100_ks3x4x5_d0.5_lr00005_wd00_s42.pt,patience_exceeded,,34,1456567,1456567,256,100,"[3, 4, 5]",0.5,0.0005,0.0
emb256_nf100_ks3x4x5_d0.5_lr00005_wd00001_s42,30,0.8266616704017785,0.8112163644055931,41.655004024505615,outputs/checkpoints/text_cnn_best_emb256_nf100_ks3x4x5_d0.5_lr00005_wd00001_s42.pt,patience_exceeded,,40,1456567,1456567,256,100,"[3, 4, 5]",0.5,0.0005,0.0001
emb256_nf100_ks2x3x4_d0.5_lr00005_wd00_s42,43,0.8565651425799921,0.742554813319323,52.4184787273407,outputs/checkpoints/text_cnn_best_emb256_nf100_ks2x3x4_d0.5_lr00005_wd00_s42.pt,patience_exceeded,,53,1379767,1379767,256,100,"[2, 3, 4]",0.5,0.0005,0.0
emb256_nf100_ks2x3x4_d0.5_lr00005_wd00001_s42,49,0.8541652471556872,0.7203660868868536,60.826624155044556,outputs/checkpoints/text_cnn_best_emb256_nf100_ks2x3x4_d0.5_lr00005_wd00001_s42.pt,patience_exceeded,,59,1379767,1379767,256,100,"[2, 3, 4]",0.5,0.0005,0.0001
emb256_nf100_ks3x4x5x6_d0.5_lr00005_wd00_s42,34,0.8478700350085535,0.7688397144784733,49.70947313308716,outputs/checkpoints/text_cnn_best_emb256_nf100_ks3x4x5x6_d0.5_lr00005_wd00_s42.pt,patience_exceeded,,44,1625367,1625367,256,100,"[3, 4, 5, 6]",0.5,0.0005,0.0
emb256_nf100_ks3x4x5x6_d0.5_lr00005_wd00001_s42,41,0.8360716914891747,0.7900862438338143,57.721721172332764,outputs/checkpoints/text_cnn_best_emb256_nf100_ks3x4x5x6_d0.5_lr00005_wd00001_s42.pt,patience_exceeded,,51,1625367,1625367,256,100,"[3, 4, 5, 6]",0.5,0.0005,0.0001
