run_name,best_epoch,best_val_metric,best_val_loss,training_duration,checkpoint_path,reason_for_stopping,failure_reason,epochs_completed,total_parameters,trainable_parameters,hidden_dim,num_layers,bidirectional,embedding_dim,max_grad_norm,summarization_mode,dropout_rate,learning_rate,weight_decay
emb128_h128_L1_d0.3_lr00005_wd00_s42,15,0.8183411468005862,0.8968931691987174,63.823911905288696,/Users/alexanderiwoh/Programming-Local/GitHub/clinc150-project/outputs/checkpoints/bilstm_best_emb128_h128_L1_d0.3_lr00005_wd00_s42.pt,patience_exceeded,,25,1091607,1091607,128,1,True,128,1.0,concat_final_hidden,0.3,0.0005,0.0
emb128_h128_L1_d0.5_lr00005_wd00_s42,26,0.8269676872006417,0.9211456684433684,89.04436993598938,/Users/alexanderiwoh/Programming-Local/GitHub/clinc150-project/outputs/checkpoints/bilstm_best_emb128_h128_L1_d0.5_lr00005_wd00_s42.pt,patience_exceeded,,36,1091607,1091607,128,1,True,128,1.0,concat_final_hidden,0.5,0.0005,0.0
emb128_h128_L1_d0.3_lr0001_wd00_s42,35,0.8525594145338712,0.9164071080027795,110.67146897315979,/Users/alexanderiwoh/Programming-Local/GitHub/clinc150-project/outputs/checkpoints/bilstm_best_emb128_h128_L1_d0.3_lr0001_wd00_s42.pt,patience_exceeded,,45,1091607,1091607,128,1,True,128,1.0,concat_final_hidden,0.3,0.001,0.0
emb128_h128_L1_d0.5_lr0001_wd00_s42,41,0.8521221991626213,1.081246401734498,127.0620379447937,/Users/alexanderiwoh/Programming-Local/GitHub/clinc150-project/outputs/checkpoints/bilstm_best_emb128_h128_L1_d0.5_lr0001_wd00_s42.pt,patience_exceeded,,51,1091607,1091607,128,1,True,128,1.0,concat_final_hidden,0.5,0.001,0.0
emb128_h128_L1_d0.3_lr00001_wd00_s42,51,0.7863209434996532,1.0504311499546986,174.0078010559082,/Users/alexanderiwoh/Programming-Local/GitHub/clinc150-project/outputs/checkpoints/bilstm_best_emb128_h128_L1_d0.3_lr00001_wd00_s42.pt,patience_exceeded,,61,1091607,1091607,128,1,True,128,1.0,concat_final_hidden,0.3,0.0001,0.0
emb128_h128_L1_d0.5_lr00001_wd00_s42,69,0.785292593042418,1.1211742728340381,235.75814199447632,/Users/alexanderiwoh/Programming-Local/GitHub/clinc150-project/outputs/checkpoints/bilstm_best_emb128_h128_L1_d0.5_lr00001_wd00_s42.pt,patience_exceeded,,79,1091607,1091607,128,1,True,128,1.0,concat_final_hidden,0.5,0.0001,0.0
emb64_h128_L1_d0.3_lr0001_wd00_s42,70,0.8363041169467079,1.1862136180303535,226.27576088905334,/Users/alexanderiwoh/Programming-Local/GitHub/clinc150-project/outputs/checkpoints/bilstm_best_emb64_h128_L1_d0.3_lr0001_wd00_s42.pt,patience_exceeded,,80,631767,631767,128,1,True,64,1.0,concat_final_hidden,0.3,0.001,0.0
emb256_h128_L1_d0.3_lr0001_wd00_s42,12,0.875009116235747,0.6251693374040176,64.63836598396301,/Users/alexanderiwoh/Programming-Local/GitHub/clinc150-project/outputs/checkpoints/bilstm_best_emb256_h128_L1_d0.3_lr0001_wd00_s42.pt,patience_exceeded,,22,2011287,2011287,128,1,True,256,1.0,concat_final_hidden,0.3,0.001,0.0
emb64_h256_L1_d0.3_lr0001_wd00_s42,25,0.8335432898441881,1.0223060995340347,104.74378108978271,/Users/alexanderiwoh/Programming-Local/GitHub/clinc150-project/outputs/checkpoints/bilstm_best_emb64_h256_L1_d0.3_lr0001_wd00_s42.pt,patience_exceeded,,35,1131223,1131223,256,1,True,64,1.0,concat_final_hidden,0.3,0.001,0.0
emb128_h256_L1_d0.3_lr0001_wd00_s42,78,0.8668068998871448,1.0153538577106533,280.78648805618286,/Users/alexanderiwoh/Programming-Local/GitHub/clinc150-project/outputs/checkpoints/bilstm_best_emb128_h256_L1_d0.3_lr0001_wd00_s42.pt,patience_exceeded,,88,1656599,1656599,256,1,True,128,1.0,concat_final_hidden,0.3,0.001,0.0
emb256_h256_L1_d0.3_lr0001_wd00_s42,21,0.880720979608434,0.6384510587976904,88.33377814292908,/Users/alexanderiwoh/Programming-Local/GitHub/clinc150-project/outputs/checkpoints/bilstm_best_emb256_h256_L1_d0.3_lr0001_wd00_s42.pt,patience_exceeded,,31,2707351,2707351,256,1,True,256,1.0,concat_final_hidden,0.3,0.001,0.0
emb256_h256_L2_d0.3_lr0001_wd00_s42,20,0.8782407948086327,0.6972936289955158,129.71975708007812,/Users/alexanderiwoh/Programming-Local/GitHub/clinc150-project/outputs/checkpoints/bilstm_best_emb256_h256_L2_d0.3_lr0001_wd00_s42.pt,patience_exceeded,,30,4284311,4284311,256,2,True,256,1.0,concat_final_hidden,0.3,0.001,0.0
emb256_h256_L1_d0.3_lr0001_wd00001_s42,28,0.8766007218274448,0.6333486124569055,120.9498381614685,/Users/alexanderiwoh/Programming-Local/GitHub/clinc150-project/outputs/checkpoints/bilstm_best_emb256_h256_L1_d0.3_lr0001_wd00001_s42.pt,patience_exceeded,,38,2707351,2707351,256,1,True,256,1.0,concat_final_hidden,0.3,0.001,0.0001
