epoch,train_loss,val_loss,val_accuracy,val_macro_f1,val_precision,val_recall,val_oos_f1,learning_rate,checkpoint_updated
1,4.538568968553423,3.5421818811066297,0.5635483870967742,0.6142710117682252,0.855519891125695,0.5530463576158939,0.1458966565349544,0.0005,True
2,2.0467462060840558,1.389719047108475,0.8422580645161291,0.849593607777213,0.8756581907463074,0.8473509933774834,0.49242424242424243,0.0005,True
3,0.7757070129386551,0.8840113373435273,0.8706451612903225,0.8807901763873368,0.8969980322100144,0.876225165562914,0.532258064516129,0.0005,True
4,0.45958763273690034,0.7221476952640378,0.8858064516129033,0.8953111076057017,0.9071158112620881,0.8944370860927154,0.5283018867924528,0.0005,True
5,0.3352013881859919,0.6322696105558046,0.892258064516129,0.9019258209353693,0.9186908914572463,0.8965562913907287,0.5748031496062992,0.0005,True
6,0.2704353211564499,0.5877589705039044,0.8929032258064517,0.9031253382240961,0.917606511096647,0.898543046357616,0.5551020408163265,0.0005,True
7,0.22694103045693004,0.5585032357853286,0.8990322580645161,0.9091338792081853,0.9212871644532854,0.9056291390728477,0.5555555555555556,0.0005,True
8,0.201048851823707,0.5373304534931572,0.9003225806451612,0.9091256038213203,0.9212797684565652,0.9050993377483445,0.6050420168067226,0.0005,False
9,0.18297410510075143,0.5235051394117122,0.9012903225806451,0.9098880725017828,0.9221190716785664,0.9058278145695364,0.6108786610878661,0.0005,True
10,0.1681244580316743,0.5119593030944163,0.9003225806451612,0.908024090997835,0.9164018500754456,0.9064238410596027,0.6118721461187214,0.0005,False
11,0.1550921417741596,0.5053888425535086,0.902258064516129,0.9097475361638082,0.9198711081536182,0.9078807947019868,0.6244343891402715,0.0005,False
12,0.14819174188200898,0.4993700385093689,0.9029032258064517,0.9106472586713678,0.9198738277049269,0.909072847682119,0.6118721461187214,0.0005,True
13,0.14152658122852757,0.49116457785878864,0.902258064516129,0.9101683815751265,0.9214251130696839,0.9073509933774834,0.6173913043478261,0.0005,False
14,0.13534773842560197,0.4833262146127467,0.9045161290322581,0.9120327196931696,0.9216929385898094,0.9096688741721853,0.6283185840707964,0.0005,True
15,0.1300470775079029,0.4863686418654967,0.9009677419354839,0.9078741845797381,0.9159517465908453,0.9081456953642384,0.6461538461538462,0.0005,False
16,0.12663965927881177,0.4803284756383117,0.9029032258064517,0.9108652158091466,0.9191704259221635,0.9096026490066225,0.6132075471698113,0.0005,False
17,0.12366732665060953,0.4796758044739159,0.9012903225806451,0.9087541538751842,0.917707772955275,0.9071523178807946,0.6181818181818182,0.0005,False
18,0.12026931308054026,0.4749596590290264,0.9019354838709678,0.9087585994582504,0.9166311829575261,0.9088741721854305,0.6464646464646465,0.0005,False
19,0.11836831907597546,0.4749709182247824,0.9051612903225806,0.9113619176697181,0.916773452706103,0.9127152317880795,0.6526315789473685,0.0005,False
20,0.11534531224347558,0.46979108726491736,0.9058064516129032,0.9121290053679513,0.9176062201699995,0.9128476821192051,0.6564102564102564,0.0005,True
21,0.11332690260649725,0.4703283784340839,0.9038709677419355,0.9095189582064734,0.9155371452615574,0.9103311258278144,0.673469387755102,0.0005,False
22,0.11100678247200894,0.4735289267739471,0.9029032258064517,0.9094644372176934,0.9170482083807223,0.9101324503311259,0.6461538461538462,0.0005,False
23,0.11049858292089347,0.4669073592035138,0.9058064516129032,0.9120450021393028,0.9187255817188797,0.9125827814569537,0.6598984771573604,0.0005,False
24,0.10864119577732047,0.4778099096551233,0.9067741935483871,0.9131449626959057,0.9183060742321744,0.9151655629139073,0.6378378378378379,0.0005,True
25,0.10820627773656007,0.4738432743719646,0.902258064516129,0.9085790829638482,0.9142975288623562,0.9100000000000001,0.648936170212766,0.0005,False
26,0.10626438348924266,0.47356104242558383,0.9051612903225806,0.9115254313336056,0.9176283429082681,0.9132450331125829,0.6557377049180327,0.0005,False
27,0.10519296145962871,0.46932228669828296,0.9048387096774193,0.9114656631788023,0.9184848408166302,0.9118543046357616,0.6564102564102564,0.0005,False
28,0.10501034099561898,0.4768693003119255,0.9077419354838709,0.9150108071290272,0.919117447412291,0.9180132450331127,0.6081871345029239,0.0005,True
29,0.10406414760767665,0.47263757549986546,0.9041935483870968,0.9102960667660182,0.9158386328727545,0.9114569536423842,0.6702127659574468,0.0005,False
30,0.10354886528213653,0.46948860190352615,0.9048387096774193,0.9110168326490817,0.9166496044606093,0.9126490066225168,0.648936170212766,0.0005,False
31,0.10280963027202933,0.47762498928576097,0.902258064516129,0.9086824572959199,0.9139739911012249,0.9113245033112584,0.6292134831460674,0.0005,False
32,0.10133289857514234,0.48536975438497504,0.9009677419354839,0.907503117817591,0.9109847253279627,0.9113245033112581,0.6071428571428571,0.0005,False
33,0.10134316884199446,0.4744562576619946,0.9009677419354839,0.9071836478939729,0.911633239676247,0.9094701986754967,0.6373626373626373,0.0005,False
34,0.10165429579787673,0.47632661309777474,0.9045161290322581,0.9114272368544808,0.9171782095753399,0.9133774834437087,0.6263736263736264,0.0005,False
35,0.10046991090208417,0.4794546715459045,0.9006451612903226,0.9066531613124028,0.9113661204347339,0.9094039735099337,0.6440677966101694,0.0005,False
36,0.10152299616439073,0.478222735378207,0.9019354838709678,0.9089913726265764,0.9128263002118487,0.9117880794701987,0.6091954022988506,0.0005,False
37,0.09892066443440306,0.47158664617003226,0.905483870967742,0.911630360358676,0.917257977374561,0.9133112582781456,0.6559139784946236,0.0005,False
38,0.09961786470278536,0.4799194457579632,0.9048387096774193,0.9111617124435273,0.9156480972836891,0.9139735099337748,0.6363636363636364,0.0005,False
