epoch,train_loss,val_loss,val_accuracy,val_macro_f1,val_precision,val_recall,val_oos_f1
1,3.323677372234137,1.9213579248408883,0.6590322580645162,0.6565468995325854,0.7216497191250391,0.6666887417218542,0.3756345177664975
2,1.243672395351043,1.1985462685020603,0.7558064516129033,0.7626904851435155,0.7930937605632487,0.7692052980132451,0.3448275862068966
3,0.7426431589296173,0.9310985396102983,0.8064516129032258,0.8142952041352972,0.8372178850821255,0.8145695364238411,0.4608294930875576
4,0.5136665217422541,0.8173662345020138,0.8232258064516129,0.8320586594657458,0.8491616418768428,0.831523178807947,0.5125628140703518
5,0.3920385139881318,0.7564249592167991,0.8332258064516129,0.8420289804446062,0.8612439207612154,0.8407284768211921,0.5238095238095238
6,0.31647628813857315,0.7163760899281015,0.8358064516129032,0.8457238168653287,0.8663029303748347,0.8436423841059603,0.5217391304347826
7,0.26066583130025467,0.6746785345734382,0.8480645161290322,0.8564394628607401,0.8737025429692548,0.8535761589403973,0.5818181818181818
8,0.22392809412843512,0.6624484928895016,0.8535483870967742,0.8614073191117079,0.8771764931157024,0.8594701986754965,0.5806451612903226
9,0.19573460650244517,0.6577739454045588,0.8503225806451613,0.8572572050521614,0.8716269373104409,0.8580132450331126,0.5833333333333334
10,0.17383238601509995,0.6438955305790415,0.8487096774193549,0.8552421577212052,0.8683042096500774,0.8563576158940398,0.5714285714285714
11,0.1566825817849596,0.6324225214062905,0.8551612903225806,0.8619020875606512,0.8710784273096088,0.8648344370860928,0.547486033519553
12,0.14325583785398235,0.6072364285284159,0.8622580645161291,0.8699033686649059,0.8859026169394113,0.8670860927152318,0.6126126126126126
13,0.1325548086705068,0.6181146082829456,0.8561290322580645,0.8626595623477314,0.8719431884757648,0.8655629139072847,0.5813953488372093
14,0.1252891501435176,0.5988431460395152,0.8616129032258064,0.8684474989084642,0.881385955066551,0.8672185430463577,0.6074766355140186
15,0.11924562338256436,0.6110637194039871,0.8593548387096774,0.8654695124174471,0.8729057056589706,0.870198675496689,0.5555555555555556
16,0.11376268092433778,0.5840171025115617,0.8690322580645161,0.8753434422648271,0.8874363890732757,0.8748344370860927,0.6310679611650486
17,0.10502135127034647,0.5773526083449928,0.8648387096774194,0.8716235488585777,0.8811721074955835,0.8721192052980132,0.5989847715736041
18,0.10156645367085684,0.5950623553018181,0.8641935483870967,0.8701776374130619,0.8788481010769326,0.8733112582781457,0.6081871345029239
19,0.09486918076561086,0.5761578983190109,0.8654838709677419,0.8725673881558822,0.8817605553265764,0.8741059602649007,0.574468085106383
20,0.09225443440438813,0.5866359572629539,0.8687096774193548,0.8741015774312629,0.879005710478173,0.8787417218543047,0.593939393939394
21,0.08566003716765089,0.5703753868536073,0.8683870967741936,0.8744679483678992,0.8839475434248067,0.8760264900662253,0.6203208556149733
22,0.08234874004786484,0.5715930340241413,0.8667741935483871,0.8726988660744164,0.8798892757283042,0.8756953642384105,0.585635359116022
23,0.07442986000344844,0.5659962998969215,0.867741935483871,0.8730584374518807,0.8799697808989065,0.8769536423841061,0.611764705882353
24,0.07144204789001074,0.5746701753565243,0.8680645161290322,0.8734528840637952,0.8785343879889319,0.8786092715231787,0.5875
25,0.07228298802474303,0.567214156596028,0.8735483870967742,0.8786125200473793,0.8845049462631881,0.8834437086092716,0.6134969325153374
26,0.06766725241919691,0.5584705049286083,0.8735483870967742,0.8788668082165507,0.8866993471871275,0.8815894039735099,0.6333333333333333
27,0.06316077922739743,0.5460022476558782,0.8722580645161291,0.8779303345053474,0.8868230134113514,0.8797350993377482,0.6243386243386243
28,0.060781052951782814,0.5593768507242203,0.8745161290322581,0.879159339939112,0.8854020559068636,0.8836423841059603,0.6385542168674698
29,0.0610490476704791,0.5497955848671952,0.8777419354838709,0.8833342665380203,0.8887810026141608,0.8880132450331126,0.6049382716049383
30,0.05321880672360813,0.5439823306336695,0.8764516129032258,0.8817718321149435,0.8888456055685072,0.8840397350993378,0.6483516483516484
31,0.05426768003086166,0.5463107120321722,0.8748387096774194,0.8802834335556831,0.886874879505469,0.8850331125827814,0.6012269938650306
32,0.053767355891513526,0.5356231140238898,0.8783870967741936,0.8829697597130199,0.8904985643117088,0.8860264900662252,0.6555555555555556
33,0.050076545294078074,0.5279921890825642,0.8764516129032258,0.8820589952106418,0.8901013598194271,0.8837748344370862,0.6417112299465241
34,0.050049606589873216,0.5361658477661561,0.8758064516129033,0.8814240415306215,0.889904738414708,0.8844370860927153,0.6285714285714286
35,0.047726860121827745,0.5142232170518564,0.8809677419354839,0.8862273231759698,0.8926064155195534,0.8886754966887417,0.6519337016574586
36,0.044462161006164354,0.5375909178840871,0.8780645161290322,0.8840585911244467,0.8904646551088585,0.8878145695364239,0.6035502958579881
37,0.04459022768387361,0.5207887504781995,0.8803225806451613,0.8855046053548699,0.8916710275497702,0.8890728476821192,0.632183908045977
38,0.04323622042305424,0.5228672517197472,0.8829032258064516,0.8879458053873783,0.8935477419533127,0.891721854304636,0.6432748538011696
39,0.04360178109476631,0.5037107522390327,0.8841935483870967,0.8903325688647588,0.8958638059747122,0.8930463576158942,0.6179775280898876
40,0.04378853357206079,0.5105203995291068,0.882258064516129,0.8882602193482745,0.8979924527315236,0.8889403973509935,0.6494845360824743
41,0.03991452893670882,0.5208466621686001,0.8841935483870967,0.8894799242534932,0.8960317354769181,0.8927814569536424,0.6511627906976745
42,0.03954321666616775,0.5059882391776357,0.8841935483870967,0.8896682559893344,0.8950191289477034,0.8933112582781456,0.627906976744186
43,0.04113404884170663,0.5164002236358973,0.882258064516129,0.8877636425166018,0.8934009859044447,0.8918543046357615,0.6227544910179641
44,0.03914570612014587,0.5026965655234396,0.8832258064516129,0.8887391849246082,0.8947724099498433,0.8923178807947021,0.631578947368421
45,0.037343911152473305,0.5005387745949686,0.8841935483870967,0.8893648506820728,0.8949878346718758,0.8927814569536424,0.6363636363636364
46,0.036801963650999456,0.5148952685448588,0.8851612903225806,0.89095458172607,0.8975995945347538,0.895364238410596,0.6097560975609756
47,0.03593643313219233,0.4953900394695146,0.8877419354838709,0.8935268105775248,0.899309580403967,0.8974834437086091,0.6265060240963856
48,0.03664660088671177,0.5010101963974991,0.8845161290322581,0.8895850200780755,0.8955681605587303,0.8941721854304638,0.6265060240963856
49,0.03705115157284747,0.4982970597184434,0.8874193548387097,0.8937396014530632,0.9017152760873828,0.8963576158940398,0.6111111111111112
50,0.03689537738999313,0.48304940395209256,0.8896774193548387,0.895468385535319,0.9044673572176072,0.8954966887417221,0.6536585365853659
51,0.035175578208897405,0.4947165351132957,0.8858064516129033,0.8911210699165211,0.8978797813406985,0.894701986754967,0.6358381502890174
52,0.03369027651285277,0.4889540082337905,0.8893548387096775,0.8952446567981074,0.9000602455557487,0.8996688741721856,0.6134969325153374
53,0.03522661539519432,0.49018641219151265,0.8896774193548387,0.8953017408447614,0.9016667788363244,0.8989403973509934,0.631578947368421
54,0.03360926502902513,0.5015236555921788,0.8874193548387097,0.89334556399603,0.8986615463911254,0.8979470198675499,0.6012269938650306
55,0.033784015649719217,0.49167958008391516,0.885483870967742,0.8912651572381939,0.8984958604391424,0.8951655629139074,0.611764705882353
56,0.03260504390077985,0.4937491305932707,0.89,0.8960857947955653,0.8997772738107653,0.9003311258278147,0.5988023952095808
57,0.033430847031489075,0.48175981169452475,0.8864516129032258,0.8925101647479959,0.8997477321863834,0.8950993377483445,0.6222222222222222
58,0.0333419963249851,0.48363359606995876,0.8912903225806451,0.896751857864589,0.902076398988398,0.9005960264900663,0.631578947368421
59,0.03269709102326233,0.49329967720776186,0.8890322580645161,0.8950812749836143,0.8994262268444244,0.8996026490066226,0.593939393939394
60,0.03244203027088398,0.4830446684238862,0.8887096774193548,0.894672958383886,0.9001406128436139,0.8979470198675497,0.6136363636363636
61,0.03210321318545227,0.47519050143202957,0.885483870967742,0.8917172989984755,0.8990148048132353,0.8938410596026491,0.6298342541436464
62,0.03400363580218543,0.49132097725357327,0.8890322580645161,0.8948649403773956,0.8995224726227413,0.899337748344371,0.6134969325153374
63,0.030960976777434597,0.4830891108330415,0.8880645161290323,0.8936007494054041,0.9002852721960175,0.8970198675496688,0.632183908045977
64,0.031902369910609525,0.4933055922084925,0.886774193548387,0.892840597863099,0.8996187398531262,0.897019867549669,0.5988023952095808
65,0.03142332761435454,0.4974242301315677,0.8893548387096775,0.8946128186853893,0.8978729614391473,0.9004635761589406,0.5987261146496815
66,0.032502766499864756,0.4904582834973627,0.8893548387096775,0.8955541585244052,0.8994139934299897,0.900728476821192,0.5822784810126582
67,0.03239860172893961,0.48627431356177037,0.8906451612903226,0.896612363017665,0.9015791725942008,0.900728476821192,0.6071428571428571
68,0.03066288054410259,0.47436403331099725,0.8909677419354839,0.8972580215123793,0.903020663428953,0.9010596026490066,0.6107784431137725
69,0.028786774607819494,0.47670839681309096,0.892258064516129,0.8977862559938801,0.9007216030526963,0.9026490066225167,0.6097560975609756
70,0.030273068528700323,0.47113023576687796,0.8925806451612903,0.8984463968066244,0.9042895425684093,0.9027152317880794,0.6144578313253012
71,0.030286318945959522,0.4663341753945059,0.8929032258064517,0.8994510797640636,0.9043639168148832,0.9027814569536423,0.5977011494252874
72,0.02986084372116931,0.48017286387633307,0.8938709677419355,0.8999917521449051,0.9032503082033515,0.9043046357615893,0.6060606060606061
73,0.030805522782502065,0.4654486440882391,0.892258064516129,0.8989948941267193,0.903705751504324,0.9026490066225167,0.5847953216374269
74,0.03109778919759904,0.47770289194827176,0.8932258064516129,0.8987547975855212,0.9041224652889076,0.9028476821192054,0.6272189349112426
75,0.029254194134729426,0.4925290662415174,0.8919354838709678,0.8981173257004677,0.9026754776238485,0.9028476821192054,0.5962732919254659
76,0.030965965817912354,0.4805327027427907,0.8906451612903226,0.8971848949734242,0.9032617275432421,0.9009933774834438,0.5882352941176471
77,0.029861683559810517,0.47237494375024525,0.8890322580645161,0.8961107645194627,0.9018300094353349,0.8996026490066227,0.5730994152046783
78,0.029200794514284225,0.46396918929353054,0.8958064516129032,0.9018137129999367,0.9068185255227358,0.9047019867549669,0.6222222222222222
79,0.028904871274736635,0.47209757733709956,0.8925806451612903,0.8994608482610466,0.9047371808966026,0.9024503311258277,0.5875706214689266
80,0.029374718288092183,0.4764951082820795,0.8912903225806451,0.8975335561990129,0.9022994518496329,0.9013907284768213,0.5930232558139535
81,0.029675740238169997,0.4863314354906277,0.892258064516129,0.8982643742573395,0.9034841707215588,0.9031788079470199,0.6
82,0.02985143885561986,0.4573969073137458,0.8941935483870967,0.9009059642627912,0.907470571133974,0.9025165562913909,0.6137566137566137
83,0.028954671325637456,0.48752734528816477,0.8919354838709678,0.898697591221792,0.9035928647861959,0.903112582781457,0.5802469135802469
84,0.02864251862509979,0.46298753059640224,0.8948387096774194,0.9012991943023259,0.9075781214972798,0.9039735099337748,0.6145251396648045
85,0.029206067066499378,0.4771484992637926,0.8916129032258064,0.8977539522746186,0.9005823226015635,0.9027814569536423,0.5911949685534591
86,0.02811989798814557,0.4607769837793039,0.8987096774193548,0.9051163331395263,0.9091849666956462,0.9087417218543048,0.6046511627906976
87,0.028783426429125555,0.46833155045703967,0.892258064516129,0.8989931537895197,0.9036370743664219,0.9023841059602649,0.5964912280701754
88,0.02876698012194873,0.4658300703277393,0.8961290322580645,0.901953502472737,0.9064664561457985,0.9063576158940398,0.6181818181818182
89,0.028450803075250723,0.4656232195545216,0.8980645161290323,0.9040342170940808,0.9081117301621957,0.9083443708609273,0.6144578313253012
90,0.029090336878554092,0.46299037398124226,0.8970967741935484,0.9035081400597756,0.9084892555433395,0.9073509933774837,0.6144578313253012
91,0.028232229018202014,0.46258372661410546,0.896774193548387,0.9030882863634055,0.9074103342128662,0.9070198675496691,0.6035502958579881
92,0.027663579370405634,0.45994738915136885,0.8935483870967742,0.8998483776167929,0.9051961562284343,0.9026490066225167,0.625
93,0.029547917216268045,0.47324301302433014,0.89,0.89600009955171,0.9013106828032768,0.9003311258278147,0.6024096385542169
94,0.029432392597323182,0.46521761101119374,0.8974193548387097,0.903800468252563,0.9068136610101682,0.908476821192053,0.5853658536585366
95,0.027827757315234784,0.44770260139995693,0.8987096774193548,0.9052656534231212,0.9091240215018926,0.9082119205298013,0.6136363636363636
96,0.028599845611774772,0.4523804166487285,0.8980645161290323,0.9038726682989414,0.9085960987672711,0.9070198675496691,0.6363636363636364
97,0.02654949694123727,0.47992569451429407,0.8896774193548387,0.8955443138886792,0.8995161582440974,0.900794701986755,0.5949367088607594
98,0.029511728655219577,0.4490482411822494,0.8974193548387097,0.9033327981745336,0.9103266060945773,0.9047682119205298,0.6492146596858639
99,0.027467978221976108,0.4744502324230817,0.8983870967741936,0.9049852513470661,0.9090096903149937,0.9092052980132451,0.5975609756097561
100,0.029424704315148636,0.46893774261888194,0.8970967741935484,0.9030560241984856,0.9072490836643223,0.9068211920529802,0.6272189349112426
