text,true_label_name,mlp_pred,text_cnn_pred,bilstm_pred
what's the word for trees in norway,translate,spelling,spelling,spelling
how much money can i transfer today,transfer,oos,oos,exchange_rate
repeat what the weather will be like,transfer,weather,weather,weather
who set up the numbers for it,timer,smart_home,smart_home,smart_home
"i heard some woman say she was going to yerd me, what's that mean",definition,repeat,translate,insurance_change
is there a reason beyond biology about why humans are alive,meaning_of_life,account_blocked,account_blocked,oos
safety concerns for malaysia,travel_alert,restaurant_reservation,ingredient_substitution,cancel
vacation request information,pto_request,pto_request_status,pto_request_status,pto_request_status
vacation request please,pto_request,pto_request_status,pto_request_status,pto_request_status
i have a revolving store card and defaulted so will my fico score be affected,improve_credit_score,damaged_card,card_declined,shopping_list_update
when's pay day for me,payday,bill_due,bill_due,bill_due
what day will i earn my payment from work,payday,income,bill_due,bill_due
what day can i expect to receive payment on,payday,date,bill_due,bill_due
when will my payment be deposited,payday,bill_due,bill_due,bill_due
can credit card companies expedite delivery of reissued credit cards,replacement_card_duration,new_card,credit_limit_change,damaged_card
can you call the help desk line for my credit card company,replacement_card_duration,redeem_rewards,damaged_card,alarm
how can i request a new credit card,replacement_card_duration,new_card,new_card,new_card
what's the phone number for my credit card company,replacement_card_duration,oos,oos,oos
is it after noon,time,weather,weather,timezone
tell time for another city: dallas,time,cook_time,cook_time,who_do_you_work_for
what time is boarding scheduled,flight_status,time,time,time
a hidden government facility,where_are_you_from,oos,oos,whisper_mode
add laundry detergent to the list,shopping_list_update,todo_list_update,todo_list_update,todo_list_update
"i don't need eggs anymore, but i do need milk",shopping_list_update,ingredient_substitution,ingredient_substitution,ingredient_substitution
undecided,maybe,oos,yes,cancel
i am unable to say,maybe,translate,translate,greeting
diy oil change,oil_change_how,oil_change_when,oil_change_when,oil_change_when
"i'd like to make a reservation at rooth chris, can you do that",restaurant_reservation,accept_reservations,accept_reservations,accept_reservations
are there any open reservations at outback tonight,restaurant_reservation,accept_reservations,accept_reservations,accept_reservations
what are my coffers at,balance,current_location,income,income
how do i do a 401(k) rollover,rollover_401k,oos,oos,insurance_change
can 401ks be moved,rollover_401k,ingredient_substitution,maybe,ingredient_substitution
how many minutes am i from texaco,distance,cook_time,cook_time,payday
is it going to be much longer until i reach the bank,distance,travel_notification,travel_notification,travel_notification
am i close to arriving at the post office,distance,directions,directions,directions
when will i arrive at hy-vee,distance,how_busy,flight_status,flight_status
give me an eta on when i will arrive at my destination,distance,flight_status,flight_status,flight_status
when will i get to orlando,distance,flight_status,flight_status,flight_status
how much farther is orlando from my location,distance,current_location,current_location,share_location
do i have a ways to go or am i close to getting to penn station,distance,directions,todo_list,gas
what's your designation,user_name,what_is_your_name,what_is_your_name,what_is_your_name
does denver reside in the eastern timezones,timezone,oos,oos,oos
what time is it in phoenix,timezone,time,time,time
is my visa bill over my limit this month,transactions,bill_balance,bill_balance,bill_due
what have i spent things on,transactions,spending_history,spending_history,spending_history
show what i have spent things on,transactions,spending_history,spending_history,spending_history
how much have i spent on my debit card this month,transactions,spending_history,credit_limit,rewards_balance
what's the food can easily get in canada,restaurant_suggestion,oos,travel_suggestion,oos
"today my electric bill will be paid, or should be",pay_bill,bill_due,bill_due,bill_due
today is the day i should pay my electric bill,pay_bill,bill_due,bill_due,bill_due
have i gone over my entertainment budget,spending_history,oos,lost_luggage,lost_luggage
do i overspend when it comes to fast food,spending_history,oos,cook_time,bill_due
did i stick to my dinner budget,spending_history,meal_suggestion,meal_suggestion,insurance
what are my finances like lately,spending_history,oos,income,what_can_i_ask_you
when will i hear back about my days off,pto_request_status,next_holiday,next_holiday,pto_balance
am i okay to take those vacation days,pto_request_status,pto_request,pto_request,pto_request
does bank of america give credit cards to people like me,new_card,oos,credit_limit_change,international_visa
sorry i missed that,repeat,maybe,yes,yes
where can i find information on oil changes for my car,oil_change_when,oil_change_how,schedule_maintenance,schedule_maintenance
what are the manufacturers guidance on oil changes,oil_change_when,oos,oil_change_how,oil_change_how
that checks out,yes,order_checks,order_checks,order_checks
okay,yes,greeting,greeting,greeting
please let's do it,yes,cancel,time,cancel
can we please,yes,cancel,cancel,cancel
ya,yes,goodbye,goodbye,goodbye
help me pick a new location to travel to,travel_suggestion,travel_alert,directions,vaccines
i want to explore a new place but don't know where i should go do you have any ideas,travel_suggestion,restaurant_suggestion,restaurant_suggestion,restaurant_suggestion
empty the contents of my to do list,todo_list_update,todo_list,todo_list,todo_list
please note vacuuming on my to do list,todo_list_update,todo_list,todo_list,todo_list
you can vacuuming of my todo list,todo_list_update,todo_list,todo_list,todo_list
what kinds of things are you supposed to remind me of,reminder,what_can_i_ask_you,what_can_i_ask_you,reminder_update
can you please remind me of the items that i made note of to not forget,reminder,reminder_update,reminder_update,transactions
that can't be true,no,yes,yes,yes
did i set march 10th as my doctor's appointment,calendar,calendar_update,last_maintenance,gas_type
is my meeting with frank on my calendar,calendar,meeting_schedule,meeting_schedule,meeting_schedule
have i gotten around to adding the bike ride to my calendar yet,calendar,calendar_update,calendar_update,calendar_update
i can't remember if i added the fun run to my calendar yet; did i,calendar,calendar_update,last_maintenance,calendar_update
have i added my doctor's appointment to my calendar,calendar,calendar_update,calendar_update,calendar_update
is the marathon on friday added to my calendar,calendar,calendar_update,calendar_update,calendar_update
retrieve events on my calendar,calendar,calendar_update,calendar_update,calendar_update
on tuesday you are supposed to have a meeting,calendar,schedule_meeting,schedule_meeting,schedule_meeting
"what is the average of 54, 23, 43, 12, and 442",calculator,oos,oos,oos
i bought 6 shirts at $499 each what was my total expenditure for them,calculator,income,income,weather
i spent 34 dollars for 12 gallons of paint what is the average price for each gallon,calculator,oos,exchange_rate,food_last
what will tomorrow be on the calendar,date,calendar,calendar,calendar
can i bring perfume on the plane or what is the size limit,carry_on,oos,credit_limit,credit_limit
what are the rules for traveling with toothpaste,carry_on,oos,weather,ingredients_list
are there restrictions for carrying lighters in my backpack on a plane,carry_on,oos,oos,oos
find out the next available date and time i can go to get my oil changed please,schedule_maintenance,oil_change_when,oil_change_when,oil_change_when
what is the next date for which i can get an oil change appointment,schedule_maintenance,oil_change_when,oil_change_when,oil_change_when
i appeciate it,thank_you,maybe,yes,cancel
what is the amount of time to keep milk refrigerated,food_last,distance,cook_time,oil_change_when
how many minutes are involved in the preparation of curry,cook_time,oos,oos,oos
when can i expect meal of salmon to be finished,cook_time,oos,travel_suggestion,how_busy
don't forget to tell me to call my mother,reminder_update,make_call,make_call,change_ai_name
i don't want to forget to call mom,reminder_update,make_call,make_call,make_call
please set up a reminder for me,reminder_update,alarm,alarm,alarm
can you set a reminder alarm for me to workout,reminder_update,alarm,alarm,alarm
someone used my chase card without my authorization,report_lost_card,report_fraud,report_fraud,report_fraud
my bank of america visa platinum was swiped from my belongings,report_lost_card,travel_notification,transactions,shopping_list_update
my capital one visa was taken without permission,report_lost_card,oos,report_fraud,report_fraud
i need to report that someone ran off with my td bank card earlier,report_lost_card,damaged_card,damaged_card,damaged_card
get mom on the phone,make_call,sync_device,sync_device,sync_device
x needs to be called by me,make_call,change_user_name,change_user_name,change_user_name
i need to up by noon,alarm,change_user_name,change_user_name,calculator
have i told you to add washing dishes to my todo list,todo_list,todo_list_update,todo_list_update,todo_list_update
is make a hair appointment on my todo list right now,todo_list,todo_list_update,todo_list_update,todo_list_update
change settings to sound like a female,change_accent,reset_settings,reset_settings,reset_settings
what's the latest i can pay my cellular bill,bill_due,pay_bill,pay_bill,min_payment
when does the current billing cycle end,bill_due,oos,oos,date
i need to know the next billing date of my american express card,bill_due,expiration_date,expiration_date,expiration_date
how much is alorie intake,calories,bill_balance,oos,nutrition_info
"my favorite, beef tacos at the buffet",restaurant_reviews,restaurant_reservation,alarm,cancel
"yum, pulled pork tacos at the buffet",restaurant_reviews,restaurant_reservation,alarm,change_volume
how is gramercy tavern rated,restaurant_reviews,oos,oos,greeting
what rating do the critics give the french laundry,restaurant_reviews,oos,translate,directions
what's the average review for olive garden,restaurant_reviews,oos,weather,recipe
is electricity the same in france,plug_type,timezone,weather,oos
how long does the average set of tire last before needing replacement,tire_change,oos,food_last,oos
how many miles are my tires rated for,tire_change,tire_pressure,tire_pressure,tire_pressure
be more quiet,change_volume,cancel,cancel,cancel
speak up,change_volume,change_speed,change_speed,change_speed
not so loud,change_volume,no,no,no
quieter please,change_volume,cancel,cancel,cancel
can you speak quieter,change_volume,change_speed,change_speed,whisper_mode
who is responsible for your employment,who_do_you_work_for,who_made_you,who_made_you,who_made_you
do i own you,who_do_you_work_for,do_you_have_pets,are_you_a_bot,what_is_your_name
is there another person that controls you,who_do_you_work_for,are_you_a_bot,are_you_a_bot,do_you_have_pets
who controls you,who_do_you_work_for,who_made_you,who_made_you,who_made_you
who employs you,who_do_you_work_for,who_made_you,who_made_you,who_made_you
who can i talk to above you,who_do_you_work_for,who_made_you,what_is_your_name,change_ai_name
what is my credit max,credit_limit,credit_score,credit_score,credit_score
can i get a table for four at 8:00,how_busy,restaurant_reservation,restaurant_reservation,restaurant_reservation
is the friday's full after 4,how_busy,oos,oos,how_old_are_you
are cool people at the bar at 9:00 pm,how_busy,restaurant_reservation,restaurant_reviews,restaurant_reviews
is the breakfast place full in the mornings,how_busy,oos,book_hotel,oos
is mr joes pizza available for a seating,how_busy,meal_suggestion,ingredient_substitution,meal_suggestion
can you find out the waiting times for mr joes pizza,how_busy,oos,nutrition_info,restaurant_reviews
can i reserve tables at the new york restaurant,accept_reservations,restaurant_reservation,restaurant_suggestion,ingredient_substitution
is it possible to reserve a table at white castle,accept_reservations,restaurant_reservation,restaurant_reservation,restaurant_reservation
do you think they'll let me reserve a table at the olive garden,accept_reservations,restaurant_reservation,restaurant_reservation,restaurant_reservation
can you help with delivery tracking,order_status,what_can_i_ask_you,thank_you,calculator
i need a delivery tracked,order_status,order,tell_joke,transfer
i placed an order and i need it tracked,order_status,order,order,order
could you track an order for me,order_status,order,order,order
can you tell me when my item will get here,order_status,flight_status,payday,payday
can you tell me where my item is,order_status,w2,current_location,current_location
i would like to change the name on my credit card account,pin_change,credit_limit_change,credit_limit_change,change_user_name
i would like to change the name on my capital one account,pin_change,change_user_name,change_user_name,change_user_name
regards,goodbye,oos,yes,greeting
"great talk, thanks",goodbye,thank_you,thank_you,thank_you
"thanks for your help, goodbye!",goodbye,thank_you,thank_you,thank_you
signing off,goodbye,next_holiday,calculator,make_call
who is the singer on the speaker now,what_song,smart_home,smart_home,oos
have i recently had an oil change,last_maintenance,oil_change_when,oil_change_when,schedule_maintenance
give me a recipe for tacos,ingredients_list,recipe,recipe,recipe
tell me what's in tacos,ingredients_list,calendar,oos,measurement_conversion
what's a good recipe foe tacos,ingredients_list,recipe,recipe,recipe
my online bill has some items that i didn't purchase from penneys,report_fraud,order,lost_luggage,transactions
my bill shows a purchase from payless shoes but i didn't buy anything,report_fraud,order,order,pay_bill
i don't remember buying this,report_fraud,maybe,maybe,maybe
i think someone jacked my bank account,report_fraud,account_blocked,account_blocked,freeze_account
where can i find measurement conversions,measurement_conversion,oos,oos,find_phone
what could help me locate myself,current_location,oos,oos,tell_joke
"if i wanted to spend the lowest for my electric bill, then how much would it be",min_payment,bill_balance,bill_balance,change_speed
do americans need visas in canada,international_visa,plug_type,book_hotel,plug_type
are visas for international travel,international_visa,travel_alert,travel_alert,travel_alert
hola!,greeting,oos,yes,cancel
what did they name you,what_is_your_name,user_name,user_name,user_name
who do i have the pleasure of speaking with,what_is_your_name,oos,oos,jump_start
who am i speaking with,what_is_your_name,are_you_a_bot,who_do_you_work_for,maybe
what's the apr on my savings account,interest_rate,apr,apr,apr
did i remember to put oatmeal on my list,shopping_list,reminder,reminder,reminder
do i have twinkies on the grocery list,shopping_list,todo_list,todo_list,fun_fact
recite the items i'm planning to purchase,shopping_list,order,order,transactions
is milk one of the things i need to buy,shopping_list,order,gas_type,definition
are carrots added to the grocery list,shopping_list,shopping_list_update,shopping_list_update,shopping_list_update
is garlic on my grocery list,shopping_list,todo_list,todo_list,todo_list
tell jim i'm coming home soon,text,weather,distance,weather
i want to tell susan that the meeting has been cancelled,text,schedule_meeting,meeting_schedule,play_music
tell fred that i don't have his guitar,text,maybe,maybe,maybe
how expensive is my internet,bill_balance,oos,oos,oos
is the phone bill the same as last month,bill_balance,min_payment,transactions,pay_bill
i'd like for this person to know my location,share_location,current_location,current_location,current_location
what is my current location,share_location,current_location,current_location,current_location
show allison how to get to me,share_location,directions,directions,order
what are the steps to get my rewards for my visa card,redeem_rewards,rewards_balance,rewards_balance,rewards_balance
how can i claim my rewards for my visa card,redeem_rewards,rewards_balance,rewards_balance,rewards_balance
how can i get my rewards for my master card,redeem_rewards,rewards_balance,rewards_balance,rewards_balance
where would i get my rewards for my master card,redeem_rewards,rewards_balance,rewards_balance,rewards_balance
get me my slow sounds,play_music,oos,change_speed,change_user_name
pull up the songs under slow,play_music,change_speed,change_speed,change_speed
i'm in the mood for slow songs and nothing else,play_music,food_last,change_speed,shopping_list_update
drop some beats,play_music,order,order,restaurant_suggestion
turn on top 20 country hits,play_music,smart_home,smart_home,smart_home
turn on my tunes,play_music,smart_home,smart_home,smart_home
bump some jams,play_music,order,order,vaccines
turn on metallicas greatest hits,play_music,smart_home,smart_home,smart_home
"i want to bring my card on the texas trip in june, will it be expired by then",expiration_date,damaged_card,damaged_card,damaged_card
when will my new credit card arrive,expiration_date,replacement_card_duration,replacement_card_duration,replacement_card_duration
what do you think about changing your name to heath,change_ai_name,what_is_your_name,what_is_your_name,what_is_your_name
what do you think about me calling you cora,change_ai_name,user_name,user_name,what_is_your_name
what's your bday,how_old_are_you,what_is_your_name,where_are_you_from,where_are_you_from
how young are you,how_old_are_you,are_you_a_bot,greeting,greeting
what is the phone number of the car rental place,car_rental,oos,oos,smart_home
i need options or italian tonight,meal_suggestion,restaurant_suggestion,restaurant_suggestion,maybe
i want to eat something from turkey,meal_suggestion,food_last,food_last,goodbye
what do i need to do to cook a chicken,recipe,ingredients_list,ingredients_list,ingredients_list
what instructions do i need to bake a cake from scratch,recipe,ingredients_list,ingredients_list,ingredients_list
show me ideas for hamburger,recipe,oos,oos,oos
recipes for garlic bread please,recipe,ingredient_substitution,ingredient_substitution,ingredient_substitution
place my order alexa,order,order_status,order_status,order_status
"siri, place my amazon order",order,order_status,order_status,order_status
where can i find bluetooth speakers,order,oos,oos,gas_type
what is the price of bluetooth speakers on amazon,order,oos,oos,calculator
how come my credit card isn't working,card_declined,damaged_card,damaged_card,damaged_card
can you put the car in fuel efficient mode,oos,gas_type,gas_type,gas_type
at what age can someone get a card,oos,how_old_are_you,card_declined,replacement_card_duration
how do i get red wine out of a couch cushion,oos,w2,directions,insurance_change
what is happening in politicsu,oos,calculator,translate,calculator
what oil is best for chicken,oos,oil_change_how,oil_change_how,recipe
can you add a bag to my reservation,oos,cancel_reservation,cancel_reservation,cancel_reservation
can you auto-pilot the car,oos,smart_home,smart_home,smart_home
what are some things i can do on the way to work,oos,travel_suggestion,travel_suggestion,travel_suggestion
how many steps have i taken today,oos,pto_used,pto_used,pto_used
do laundry,oos,todo_list_update,todo_list_update,greeting
how many miles does my car currently have,oos,mpg,gas,mpg
read text,oos,text,text,text
park the car,oos,smart_home,smart_home,smart_home
may i finish washing then i give you please,oos,change_ai_name,change_ai_name,pto_request
can you delete my saved credit card,oos,damaged_card,damaged_card,damaged_card
who were the superbowl 23 champions,oos,who_made_you,who_made_you,smart_home
how do i make my android phone more secure,oos,recipe,sync_device,sync_device
i need to update my address,oos,change_user_name,change_user_name,share_location
what is that crunchy stuff on creme bruleo,oos,what_song,calendar,calculator
how would you rate the airport i am traveling to,oos,travel_notification,distance,share_location
what does the plus sign mean on my dashboard,oos,definition,calculator,definition
what is my checking account number,oos,balance,balance,routing
when should i remove my snow tires,oos,tire_change,tire_change,tire_change
can i deposit a check,oos,direct_deposit,direct_deposit,direct_deposit
go and check the fridge,oos,food_last,food_last,food_last
can you tell me how to multiply two fractions,oos,spelling,recipe,nutrition_info
when is the next full moon,oos,next_holiday,next_holiday,next_holiday
should i do a complete stop at red lights,oos,smart_home,smart_home,restaurant_reservation
are all televisions high definition,oos,definition,definition,definition
can you tell me how to get gum out of my rug,oos,w2,directions,order
how can i get a better rate on my card,oos,damaged_card,credit_limit_change,pto_request
it is white colour,oos,ingredient_substitution,no,ingredient_substitution
how much time do i have left on my 0% apr,oos,apr,apr,apr
what time do i need to arrive to make it on time,oos,cook_time,cook_time,cook_time
how many items are in a bakers dozen,oos,spelling,measurement_conversion,nutrition_info
what articles are written at the cnn site about the women's march,oos,restaurant_reviews,restaurant_reviews,shopping_list_update
can you sign out of my bank login,oos,travel_notification,freeze_account,order
what is the cashback rate for my credit card,oos,apr,apr,min_payment
how much memory do i have left on this phone,oos,gas,find_phone,mpg
can i set up mobile deposits,oos,direct_deposit,alarm,alarm
how much data does my phone have left this month,oos,bill_balance,find_phone,bill_balance
how do i add someone to my account,oos,freeze_account,transfer,freeze_account
how much money would my house sell for,oos,income,income,income
how do i install new cabinets,oos,insurance_change,recipe,insurance_change
delete the contact uncle john from my phone,oos,sync_device,sync_device,sync_device
is there a cheaper rate with another carrier for my mobile,oos,find_phone,interest_rate,shopping_list_update
is there a way to change your houses address,oos,change_ai_name,change_ai_name,change_ai_name
is there a better bus route i should be taking,oos,traffic,directions,directions
i need to get kalee added to my phone plan,oos,sync_device,sync_device,sync_device
how long do i have to wait to get my refund,oos,how_busy,how_busy,how_busy
how long does it take the irs to issue a tax refund,oos,distance,cook_time,taxes
do you know if it is possible to close my savings account,oos,pin_change,account_blocked,freeze_account
add my wife as an authorized user to checking account 20905432,oos,transfer,transfer,change_user_name
i would like to upgrade to full coverage for my car,oos,car_rental,car_rental,uber
tell me the value on my current car,oos,mpg,smart_home,bill_balance
i need to add a person to my bank account,oos,freeze_account,freeze_account,freeze_account
i want to install new tiles in my kitchen,oos,insurance_change,balance,order
create a contact labeled mom,oos,text,car_rental,goodbye
is there an alternate bus stop close to my home i can use,oos,directions,directions,todo_list_update
"add mary to my phone plan, please",oos,sync_device,sync_device,sync_device
can i use direct deposit for my tax refund,oos,direct_deposit,direct_deposit,direct_deposit
how much of a refund will i get this year,oos,pto_used,how_busy,exchange_rate
please take all my money out of my checking account and close the account,oos,transfer,transfer,transfer
switch over to low power mode to preserve battery life,oos,whisper_mode,jump_start,jump_start
can you recommend some fiction books,oos,restaurant_suggestion,order,directions
what's out at the theaters right now,oos,how_busy,restaurant_reviews,restaurant_reviews
i am looking for a suit for work,oos,who_do_you_work_for,who_do_you_work_for,goodbye
what is a good laptop for gaming,oos,calculator,restaurant_suggestion,tell_joke
what kind of bonds do molecules have,oos,plug_type,todo_list,definition
how much is my car worth used,oos,bill_balance,bill_balance,pto_used
what are my hours this week at work,oos,income,income,flight_status
check battery health on this device,oos,insurance,carry_on,mpg
what is a well reviewed book for a teenage girl to read,oos,calculator,translate,schedule_meeting
what is a good movie to go see in theaters for a family with young kids,oos,travel_suggestion,restaurant_suggestion,travel_suggestion
i would like to find a stylish suit for a party,oos,car_rental,car_rental,ingredients_list
can you give me suggestions for a professional suit under $200,oos,meal_suggestion,meal_suggestion,order
when is it cheapest to travel to hawaii,oos,travel_alert,travel_suggestion,travel_alert
i need a laptop with 16gb of ram,oos,order,roll_dice,tell_joke
how much is this years model of my car cost,oos,bill_balance,bill_balance,gas
remind me of the address for my workplace please,oos,reminder_update,reminder_update,transactions
what time do i have to go to work today,oos,meeting_schedule,meeting_schedule,meeting_schedule
how many voicemail messages do i have,oos,pto_balance,gas,gas
erase all voicemails in my inbox please,oos,smart_home,freeze_account,order
what are some good methods of relieving stress,oos,travel_suggestion,travel_suggestion,travel_suggestion
how do you make sure a bridge doesn't fall down,oos,recipe,recipe,change_speed
what does water taste like,oos,calculator,ingredients_list,definition
when was my lawn last mowed,oos,payday,last_maintenance,payday
tell me about personal finance,oos,fun_fact,fun_fact,tell_joke
check the status of my amazon orders for me,oos,order_status,order_status,order_status
disconnect from wifi immediately please,oos,sync_device,sync_device,book_flight
am i connected to wifi,oos,change_user_name,international_visa,change_user_name
list the contents of my safety deposit box at the bank,oos,travel_notification,direct_deposit,tire_pressure
what coupons do i have for restaurants,oos,calendar,restaurant_suggestion,restaurant_suggestion
how do i make money,oos,recipe,recipe,recipe
what's the best way to build a skyscraper,oos,improve_credit_score,recipe,directions
find engineering programs to apply to,oos,new_card,book_flight,directions
check to see how many miles are on my car,oos,mpg,gas,mpg
is anything on my grocery list on sale today,oos,todo_list,todo_list,shopping_list
how long does it take for grass seed to grow on my lawn,oos,cook_time,distance,distance
please activate a wireless hotspot so i can use the internet,oos,ingredient_substitution,change_accent,change_volume
look up a good broker for mutual funds,oos,greeting,restaurant_suggestion,restaurant_suggestion
will amazon ship an order even if there was a pricing mistake,oos,order_status,order,order
where did mandarin originate from,oos,where_are_you_from,where_are_you_from,where_are_you_from
tell me which wifi network you are connected to right now,oos,are_you_a_bot,what_can_i_ask_you,directions
what is my current signal strength,oos,income,income,insurance
if i'm locked in a bank vault what's the best way to get out,oos,directions,directions,directions
is it ok to feed dogs people food,oos,ingredient_substitution,meaning_of_life,weather
how do you fix a leaking sink,oos,user_name,recipe,greeting
what's the power consumption of my fridge,oos,food_last,food_last,order_status
what time did my daughter get home from her date,oos,time,payday,last_maintenance
are you allowed to call someone a dirty name as part of free speech,oos,change_ai_name,change_ai_name,change_ai_name
where is the closest driving range,oos,directions,directions,directions
are your step-parent's parents considered your grandparents,oos,where_are_you_from,where_are_you_from,whisper_mode
what's a good gift to get for your grandparents,oos,restaurant_suggestion,meal_suggestion,directions
fun gift ideas to give to grandparents,oos,travel_suggestion,travel_suggestion,travel_notification
what is harry's real name,oos,user_name,change_ai_name,what_song
where's the best place to hike in the rockies,oos,travel_suggestion,travel_suggestion,restaurant_suggestion
what should i wear to hike,oos,meal_suggestion,what_is_your_name,travel_suggestion
what were indians like 100 years ago,oos,how_old_are_you,how_old_are_you,where_are_you_from
how old is jennifer aniston,oos,how_old_are_you,how_old_are_you,how_old_are_you
i need tips on how to overcome insomnia,oos,recipe,recipe,whisper_mode
how long does it take to get your yellow belt in karate,oos,distance,distance,distance
the bus moves with tyre,oos,directions,directions,directions
how the bus moves,oos,directions,directions,directions
are people with a mental illness eligible for disability,oos,restaurant_reviews,restaurant_reviews,schedule_meeting
how can i get help for my mental health,oos,w2,insurance,insurance_change
what's trending now,oos,what_song,greeting,greeting
send information on flood clean up to my phone,oos,sync_device,sync_device,sync_device
give me a suggestion for roofers,oos,meal_suggestion,meal_suggestion,meal_suggestion
what's the safest pet to be around toddlers,oos,how_busy,do_you_have_pets,vaccines
why is my dog vomiting after eating,oos,account_blocked,account_blocked,smart_home
are there any apartments for rent nearby,oos,restaurant_suggestion,car_rental,travel_alert
where is the closest architecture college,oos,directions,directions,directions
when can i get a business card printed locally,oos,replacement_card_duration,replacement_card_duration,replacement_card_duration
download all the photos off my phone into the cloud,oos,sync_device,sync_device,sync_device
what kind of camera should i buy,oos,plug_type,gas_type,gas_type
how much candy have i consumed this week,oos,income,spending_history,spending_history
how safe is it to consume the substance h2o,oos,travel_alert,travel_alert,nutrition_info
look up some christmas songs for me,oos,definition,order,definition
how many calories does doing 20 situps burn,oos,calories,calories,calories
should i run every day,oos,next_holiday,next_holiday,date
cancel my subscription to scientific american,oos,cancel_reservation,cancel,cancel
i'd like to renew my subscription to playboy,oos,pay_bill,rollover_401k,uber
how can i use make up to cover a cut on my cheek,oos,redeem_rewards,redeem_rewards,translate
when will the government file another antitrust suit against microsoft,oos,next_holiday,food_last,tire_change
what activities can i to do outside today,oos,todo_list,travel_suggestion,todo_list
what should i do if it hurts when i pee,oos,travel_suggestion,travel_suggestion,travel_suggestion
what other countries speak the english language,oos,change_language,change_language,change_language
do they speak english in australia,oos,translate,change_language,change_language
who teaches english near me,oos,directions,directions,who_made_you
tell me a list of my local papers,oos,todo_list,todo_list,transactions
what's the newspaper today,oos,date,date,date
where will the next olympics be hosted,oos,next_holiday,next_holiday,weather
are there cameras hidden in stop lights,oos,smart_home,smart_home,smart_home
what does a flashing yellow light mean,oos,definition,definition,definition
will the anti-vaxxers die off if no one gives them vaccines,oos,no,vaccines,maybe
where can i get the flu shot,oos,w2,directions,smart_home
when do i have to get the mmr,oos,bill_due,bill_due,bill_due
when will nightwish be touring through my city,oos,flight_status,flight_status,flight_status
tell me something about linkin park,oos,fun_fact,fun_fact,fun_fact
i need you to check the resistance of a coil wrapped 6 times with an id of 25mm,oos,calculator,calculator,change_volume
can you tell me whether the knicks will play the lakers this week,oos,weather,next_song,play_music
what do you do if your 4 year old just ate playdoh,oos,how_old_are_you,how_old_are_you,how_old_are_you
please check up on my son's homework,oos,smart_home,rewards_balance,smart_home
when should you mow your grass after it's rained,oos,how_old_are_you,how_old_are_you,who_do_you_work_for
what's a good blouse to wear with pink shoes,oos,restaurant_suggestion,travel_suggestion,meal_suggestion
how much does it cost to spay a puppy,oos,gas,spending_history,nutrition_info
can you tell me about that tornado that just tore up alabama,oos,repeat,repeat,repeat
please uninstall this intrusive social media app,oos,cancel,application_status,shopping_list_update
upload the pictures to the correct album,oos,directions,yes,play_music
i'd like to find some curtains that look good in this room,oos,restaurant_suggestion,restaurant_suggestion,book_hotel
look up how to apply cream to smooth itchiness,oos,new_card,recipe,insurance_change
where should i go if i hammered a nail through my foot,oos,restaurant_suggestion,directions,travel_suggestion
how long does it take to call an ambulance,oos,cook_time,cook_time,cook_time
do vegans really want to blame cows for climate change,oos,oil_change_how,change_language,tire_change
create a speech on historical events surrounding albert einstein,oos,change_speed,change_speed,shopping_list_update
when will cameron release the sequel to avatar,oos,flight_status,next_holiday,flight_status
could you create a new avatar for me,oos,order,order,order
does bill gates still have any material participation in the running of microsoft,oos,food_last,food_last,shopping_list_update
tell me more about bill gates,oos,fun_fact,bill_balance,pay_bill
give me the weather forecast for today,oos,weather,weather,weather
can you colorize a black and white photo,oos,ingredient_substitution,ingredient_substitution,what_can_i_ask_you
add color to the black and white photos,oos,shopping_list_update,shopping_list_update,calculator
compile a list of historical events from the boston marathon,oos,todo_list_update,todo_list_update,shopping_list_update
time my next run at the boston marathon,oos,next_holiday,next_holiday,payday
when will the next boston marathon be,oos,next_holiday,next_holiday,next_holiday
"can you really time your compressions to queen's ""another one bites the dust""",oos,repeat,what_are_your_hobbies,shopping_list_update
do i have to put my mouth on theirs when doing cpr,oos,todo_list,bill_due,shopping_list_update
tell me how to perform cpr,oos,spelling,recipe,greeting
create a for-while loop that continues 10 times,oos,calculator,car_rental,whisper_mode
where are classes taught near me for c++,oos,restaurant_suggestion,restaurant_suggestion,restaurant_suggestion
do you own the mineral rights to gold nuggets you find in your back yard,oos,do_you_have_pets,where_are_you_from,whisper_mode
where is the best place to mine for gold,oos,travel_suggestion,restaurant_suggestion,restaurant_suggestion
make a list of facts about green book,oos,fun_fact,fun_fact,tell_joke
how many acres do you need to buy a horse,oos,shopping_list,cook_time,order
does eating poop really help your gut fauna,oos,thank_you,who_made_you,whisper_mode
make a list of side hustles i could start today to make a little extra cash,oos,ingredients_list,ingredients_list,international_visa
make a list of stocks that would be good to invest in to start making money,oos,recipe,transfer,directions
how can i add my signature to the proposed bill legalizing prostitution,oos,pay_bill,pay_bill,shopping_list_update
do women still bare their chests for beads at mardi gras,oos,confirm_reservation,how_busy,shopping_list_update
when's the next mardi gras going to be,oos,next_holiday,next_holiday,next_holiday
start a speech on microbes for me,oos,smart_home,change_speed,change_speed
what is the time signature for the castlevania song bloody tears,oos,time,what_song,what_song
please go to wikipedia and search for articles related to nsa,oos,uber,book_flight,cancel
can the nsa crack the encryption on my iphone,oos,find_phone,sync_device,smart_home
what do you do if your cat eats an octopus,oos,what_are_your_hobbies,do_you_have_pets,do_you_have_pets
does cutting down the rain forest really add to global warming,oos,weather,calendar_update,shopping_list_update
what's the current demand for wood from rain forests,oos,weather,weather,weather
what's the current prevailing interest rate for mortgages in my area,oos,interest_rate,interest_rate,interest_rate
please list my real estate for sale,oos,todo_list,are_you_a_bot,order
make an ad to sell my real estate,oos,are_you_a_bot,schedule_maintenance,order
can a robot really travel back in time,oos,travel_alert,travel_suggestion,travel_alert
program my new robot to bring me snacks,oos,insurance_change,insurance_change,change_user_name
can a samurai sword deflect a bullet,oos,ingredient_substitution,car_rental,whisper_mode
make a list of what materials have been used for spacesuits,oos,spending_history,shopping_list,shopping_list
see if you can purchase a spacesuit online,oos,order,order,order
compile a list of articles pertaining to venture capital funding for me,oos,todo_list,todo_list,order
i'd like to hire a wedding planner and need help finding one,oos,find_phone,car_rental,timer
how to plan for weddings,oos,insurance_change,insurance_change,recipe
what's it like to have parents who actually love you,oos,who_made_you,who_made_you,pto_balance
tell me where i can get more information on getting a job at the post office,oos,w2,directions,lost_luggage
help me find a new position as a programmer,oos,insurance_change,recipe,roll_dice
write the next chapter of my biography and let me know when you have finished it,oos,next_holiday,bill_due,shopping_list_update
i would like for you to start a biography on me,oos,change_ai_name,order,whisper_mode
find out what supplies i am missing and will need on my upcoming camping trip,oos,lost_luggage,current_location,calendar
find articles that can help me advance my position in my work field,oos,w2,find_phone,lost_luggage
look up ways for me to advance my job placement,oos,income,rollover_401k,order
see if there is a recipe to make a casserole without any dairy,oos,recipe,recipe,ingredients_list
tell me amazon's choice for a set of 4 dinner plates,oos,meal_suggestion,meal_suggestion,meal_suggestion
look up the conversion rate for the euro to dollar exchange,oos,exchange_rate,exchange_rate,exchange_rate
i need you to order a new pair of eyeglasses for me,oos,order,order,order
tell me what my current eyeglasses prescription is,oos,income,todo_list,insurance
tell me a scary story,oos,tell_joke,tell_joke,tell_joke
make a list of goals i need to meet in order to write a book,oos,order,order,order
remind me what my weight loss goals are,oos,income,reminder,reminder_update
give me a list of tax attorneys that practice in my city,oos,taxes,taxes,insurance
give me the number of a traffic attorney near here,oos,traffic,traffic,traffic
please book another boat for this weekends trip,oos,vaccines,change_speed,change_volume
get me a list of universities that provide full scholarships in arizona,oos,travel_suggestion,reminder,w2
tell me where to go to get my son enrolled in public kindergarten,oos,w2,travel_suggestion,w2
tell me how to refinish a wooden desk,oos,spelling,recipe,order
tell me how to make a lesson plan,oos,recipe,recipe,insurance_change
play the current tennis match on the tv in the living room,oos,smart_home,smart_home,play_music
find the best prices for toothpaste at any store within a 5 mile radius of my location,oos,current_location,current_location,are_you_a_bot
how do i set the time on my tag heuer,oos,cook_time,calendar,smart_home
tell me the steps as to how to begin a career as a journalist,oos,user_name,recipe,roll_dice
put into words what you want,oos,ingredients_list,ingredients_list,what_is_your_name
give me a list of grocery stores that sell japanese sweet potatoes,oos,yes,reminder,ingredients_list
tell me the price of bananas at whole foods this week,oos,weather,spending_history,flight_status
call the grocery store and get their operational hours,oos,make_call,make_call,change_volume
call an uber to take me to the closest grocery store,oos,uber,uber,uber
show me how many community centers are located within 5 miles of my location,oos,current_location,current_location,share_location
make a list of all community gardens near me,oos,todo_list_update,order,ingredients_list
tell me where to send my resume in order to get a job at delta airlines,oos,w2,lost_luggage,card_declined
review my resume for spelling errors,oos,spelling,spelling,order
please print out copies of my resume,oos,cancel,find_phone,shopping_list_update
please spell check my resume,oos,spelling,spelling,spelling
tell me how many blue ties i own,oos,spelling,gas,tire_change
search up the cast in the walking dead,oos,food_last,spelling,weather
tell me about the amusement park,oos,fun_fact,fun_fact,tell_joke
take a ride on the ferris wheel,oos,distance,calendar_update,whisper_mode
compare prices of malt-o-meal to kelloggs,oos,meal_suggestion,book_flight,cancel
what kinds of cereal are gluten free,oos,what_can_i_ask_you,what_are_your_hobbies,nutrition_info
what kinds of cereal are low sugar,oos,what_can_i_ask_you,nutrition_info,timezone
read my friend's text message,oos,text,text,text
update my status on instagram,oos,order_status,order_status,order_status
can you check on what it would cost me to upgrade my iphone with t-mobile,oos,find_phone,todo_list,gas_type
can you look at when the next iphone is due out,oos,bill_due,bill_due,next_holiday
what type of industries do innovation managers work in,oos,plug_type,plug_type,ingredients_list
generate a list of 20 songs that include the word love in the title,oos,spelling,reminder,pay_bill
create a 500 word letter expressing love,oos,translate,spelling,shopping_list_update
does denim go with anything,oos,goodbye,calculator,nutrition_info
accept incoming phone call,oos,make_call,make_call,make_call
deny incoming phone call,oos,make_call,make_call,make_call
what are the words to the chorus for this song,oos,what_song,what_song,next_song
display the song lyrics for me,oos,what_song,what_song,what_song
plant all your flowers just after easter in early april,oos,thank_you,translate,how_busy
make a list of decor i would need to have a titanic themed birthday party,oos,ingredients_list,todo_list,vaccines
aquire the soundtracks from the movie if i stay and add them to my ipod,oos,shopping_list_update,shopping_list_update,shopping_list_update
can you group my photos by location,oos,share_location,share_location,share_location
organize my photos by date please,oos,date,date,shopping_list_update
sign me up for the writing class you told me about 2 days ago,oos,repeat,tell_joke,order_checks
how long should an essay be,oos,cook_time,cook_time,cook_time
what should you do if your laundry machine is making a high pitched whine,oos,what_are_your_hobbies,recipe,recipe
can i get a sear's appliance repairman,oos,w2,accept_reservations,schedule_maintenance
find directions to the sunshine car wash from my house,oos,directions,car_rental,car_rental
can you book me an appointment at a car wash,oos,schedule_maintenance,schedule_maintenance,schedule_maintenance
what brush can i use to wash my car that won't scratch it,oos,jump_start,jump_start,jump_start
please clean the car windows,oos,smart_home,smart_home,calculator
vacuum out the car,oos,smart_home,smart_home,smart_home
schedule an appointment with the credit counselor for tuesday,oos,schedule_maintenance,schedule_maintenance,calendar_update
how much does it cost to get two jackets dry cleaned,oos,gas,gas,vaccines
find a cleaner that specializes in suede,oos,book_hotel,car_rental,find_phone
when should you use a dry cleaner,oos,oil_change_when,cook_time,are_you_a_bot
create emergency phone numbers list,oos,make_call,sync_device,sync_device
do sets of 25 set-ups each morning til you have completed your goal,oos,do_you_have_pets,do_you_have_pets,whisper_mode
keep a note of how many miles you walk a day,oos,measurement_conversion,how_old_are_you,calendar_update
how much weight should i lift to get buff,oos,gas,gas,pto_balance
what's a good stretch to do to limber up,oos,travel_suggestion,travel_suggestion,travel_suggestion
what do you do if you can't stop vomiting,oos,what_are_your_hobbies,cancel,cancel
what should i take for a cold,oos,ingredients_list,ingredients_list,ingredients_list
look up the current auto loan rate at chase bank,oos,interest_rate,interest_rate,interest_rate
check current prime mortgage rate,oos,interest_rate,interest_rate,change_speed
send me a quote from a motivational speaker twice a day,oos,transfer,date,schedule_meeting
find me a book on motivational speaking from amazon,oos,book_flight,book_hotel,book_flight
check to see if i need a pass to use the parking garages downtown,oos,plug_type,directions,shopping_list_update
search the web for monthly parking near my house,oos,directions,directions,who_do_you_work_for
find out where parking is close to the stadium,oos,directions,directions,directions
how do i get perfect alignment with the curb,oos,w2,directions,restaurant_reviews
describe to me how i can learn to make small talk,oos,recipe,recipe,recipe
what do you do all day while i'm at work,oos,income,what_are_your_hobbies,income
"so, hang out around this house often",oos,how_busy,goodbye,goodbye
tell me the best way to freshen the smell in my car,oos,jump_start,oil_change_how,smart_home
where's the closest car wash my car smells,oos,directions,smart_home,smart_home
find out how to deodorize a car,oos,jump_start,car_rental,car_rental
request a refund on the car wax i bought yesterday,oos,smart_home,car_rental,car_rental
i'd like to hire someone to wash my car,oos,car_rental,schedule_maintenance,order_checks
rent the tuxedo the day before,oos,date,date,bill_due
order me a book of stamps and envelopes,oos,order,order,order
start listening to me dictate a letter,oos,change_user_name,change_user_name,play_music
tell me how long until the nascar race begins,oos,food_last,distance,cook_time
please replay the last five minutes,oos,timer,timer,timer
can you enable subtitles,oos,what_can_i_ask_you,thank_you,cancel
order me a blue pin stripe suit from saville row,oos,order,pin_change,change_user_name
what's in fashion this month,oos,spending_history,bill_balance,current_location
is it too late to wear white,oos,ingredient_substitution,ingredient_substitution,whisper_mode
how many calories does jumping up and down burn,oos,calories,calories,calories
how many push-ups do i need to do to get ripped,oos,vaccines,gas,vaccines
fill up my water bottle for the gym,oos,smart_home,bill_balance,pay_bill
what should i take for nausea,oos,meal_suggestion,ingredients_list,ingredients_list
how do you relieve a hangover,oos,user_name,recipe,greeting
what is a good home remedy for a rash,oos,translate,recipe,restaurant_suggestion
"i have a rash, what can i use for it",oos,ingredient_substitution,what_can_i_ask_you,ingredient_substitution
can you order some ointment for me,oos,order,order,order
forward the text i just got from henry to giselle,oos,text,text,text
please read the text message i just received,oos,text,text,text
save my text on my laptop hard drive,oos,text,text,text
how much does gun ammunition cost,oos,bill_balance,bill_balance,income
what's that smell,oos,yes,yes,what_song
what should i do if i saw a cockroach in my house,oos,travel_suggestion,travel_suggestion,travel_suggestion
please answer the phone and put it on speaker on the tv,oos,smart_home,smart_home,smart_home
answer the phone,oos,sync_device,sync_device,sync_device
ignore call,oos,make_call,make_call,make_call
what supplies do i need to clean my car,oos,gas_type,gas_type,gas_type
look up articles on car washing at home,oos,smart_home,smart_home,smart_home
tell me a summary of reviews that oakley frogskins get on amazon,oos,restaurant_reviews,restaurant_reviews,schedule_maintenance
make me a list of the top ten reviewed hiking boots on jetcom,oos,ingredients_list,todo_list,gas_type
which movie is it that someone says perfectly balanced as all things should be,oos,yes,jump_start,vaccines
what movie is it that says today is a good day to die,oos,date,date,date
is michonne wrong for not working with the kingdom to put on the fair,oos,no,no,schedule_meeting
what's the best way to drown a witch,oos,recipe,recipe,recipe
what does it mean to join the occult,oos,definition,definition,definition
can you explain a good risk strategy to me,oos,meal_suggestion,meal_suggestion,tell_joke
how long does it take to get a divorce finalized,oos,distance,distance,cook_time
get me a list of personal conservation tips that i can use around the house,oos,ingredient_substitution,todo_list,pto_request
can you book me a tee time at cantigny at 2 pm on saturday,oos,restaurant_reservation,restaurant_reservation,schedule_maintenance
review chapter 6 with my son and verify his math homework answers,oos,calculator,calculator,calculator
print out the photos i took today,oos,meeting_schedule,meeting_schedule,change_volume
can you find me sheet music for the beatles white album online,oos,play_music,play_music,play_music
find me a good band instructor or two to compare in my area,oos,restaurant_suggestion,restaurant_suggestion,are_you_a_bot
can i get a starter course for the trumpet,oos,w2,car_rental,order
what is the life expectancy of a polar bear,oos,meaning_of_life,meaning_of_life,meaning_of_life
"order the new book titled ""ghost work""",oos,order,order,order
check the nanny cam and send the feed to my phone,oos,sync_device,sync_device,sync_device
how much should i tip on this bill,oos,bill_balance,bill_balance,income
can you find my car in the parking lot,oos,last_maintenance,smart_home,smart_home
fold my hand,oos,pay_bill,find_phone,cancel
how much time is left on my laundry,oos,balance,time,calories
report outage to my electric provider,oos,damaged_card,share_location,shopping_list_update
power up my generator,oos,smart_home,sync_device,cancel
call up instructables website and find article on bike assembly,oos,make_call,make_call,make_call
search information on how to apply foundation,oos,recipe,recipe,spelling
tell me how much energy i have consumed so far this year,oos,pto_used,spending_history,pto_used
how many kilowatts have i used this month,oos,pto_used,pto_used,pto_used
what's my current electric bill,oos,bill_balance,bill_balance,bill_balance
where did i last place my remote,oos,find_phone,spending_history,find_phone
have you seen the remote,oos,how_old_are_you,who_made_you,cancel
please ping the rfid in my wallet and tell me where it's at right now,oos,current_location,current_location,share_location
can you detect where i placed my wallet,oos,w2,find_phone,current_location
give me my wallet location,oos,current_location,current_location,current_location
find my wallet,oos,w2,find_phone,current_location
can you give me the gps location of harvey,oos,share_location,current_location,current_location
locate jenny at her present position,oos,current_location,restaurant_reviews,maybe
let me know where jim is right now,oos,current_location,current_location,current_location
