label_id,label_name,count
0,restaurant_reviews,50
1,nutrition_info,50
2,account_blocked,50
3,oil_change_how,50
4,time,50
5,weather,50
6,redeem_rewards,50
7,interest_rate,50
8,gas_type,50
9,accept_reservations,50
10,smart_home,50
11,user_name,50
12,report_lost_card,50
13,repeat,50
14,whisper_mode,50
15,what_are_your_hobbies,50
16,order,50
17,jump_start,50
18,schedule_meeting,50
19,meeting_schedule,50
20,freeze_account,50
21,what_song,50
22,meaning_of_life,50
23,restaurant_reservation,50
24,traffic,50
25,make_call,50
26,text,50
27,bill_balance,50
28,improve_credit_score,50
29,change_language,50
30,no,50
31,measurement_conversion,50
32,timer,50
33,flip_coin,50
34,do_you_have_pets,50
35,balance,50
36,tell_joke,50
37,last_maintenance,50
38,exchange_rate,50
39,uber,50
40,car_rental,50
41,credit_limit,50
42,oos,100
43,shopping_list,50
44,expiration_date,50
45,routing,50
46,meal_suggestion,50
47,tire_change,50
48,todo_list,50
49,card_declined,50
50,rewards_balance,50
51,change_accent,50
52,vaccines,50
53,reminder_update,50
54,food_last,50
55,change_ai_name,50
56,bill_due,50
57,who_do_you_work_for,50
58,share_location,50
59,international_visa,50
60,calendar,50
61,translate,50
62,carry_on,50
63,book_flight,50
64,insurance_change,50
65,todo_list_update,50
66,timezone,50
67,cancel_reservation,50
68,transactions,50
69,credit_score,50
70,report_fraud,50
71,spending_history,50
72,directions,50
73,spelling,50
74,insurance,50
75,what_is_your_name,50
76,reminder,50
77,where_are_you_from,50
78,distance,50
79,payday,50
80,flight_status,50
81,find_phone,50
82,greeting,50
83,alarm,50
84,order_status,50
85,confirm_reservation,50
86,cook_time,50
87,damaged_card,50
88,reset_settings,50
89,pin_change,50
90,replacement_card_duration,50
91,new_card,50
92,roll_dice,50
93,income,50
94,taxes,50
95,date,50
96,who_made_you,50
97,pto_request,50
98,tire_pressure,50
99,how_old_are_you,50
100,rollover_401k,50
101,pto_request_status,50
102,how_busy,50
103,application_status,50
104,recipe,50
105,calendar_update,50
106,play_music,50
107,yes,50
108,direct_deposit,50
109,credit_limit_change,50
110,gas,50
111,pay_bill,50
112,ingredients_list,50
113,lost_luggage,50
114,goodbye,50
115,what_can_i_ask_you,50
116,book_hotel,50
117,are_you_a_bot,50
118,next_song,50
119,change_speed,50
120,plug_type,50
121,maybe,50
122,w2,50
123,oil_change_when,50
124,thank_you,50
125,shopping_list_update,50
126,pto_balance,50
127,order_checks,50
128,travel_alert,50
129,fun_fact,50
130,sync_device,50
131,schedule_maintenance,50
132,apr,50
133,transfer,50
134,ingredient_substitution,50
135,calories,50
136,current_location,50
137,international_fees,50
138,calculator,50
139,definition,50
140,next_holiday,50
141,update_playlist,50
142,mpg,50
143,min_payment,50
144,change_user_name,50
145,restaurant_suggestion,50
146,travel_notification,50
147,cancel,50
148,pto_used,50
149,travel_suggestion,50
150,change_volume,50
