metric,mean,std
val_accuracy,0.8722580645161292,0.003037515460607638
val_macro_f1,0.8803139892085093,0.0035781020987176093
test_accuracy,0.7744242424242423,0.006532534948688078
test_macro_f1,0.8283186934848336,0.00455545981063351
test_precision,0.7944062388217693,0.007405616386942612
test_recall,0.8843627667402503,0.004041056303863715
oos_precision,0.8865233735982554,0.020257993173998727
oos_recall,0.26099999999999995,0.04055449009254914
oos_f1,0.4019000022164641,0.051124809398179254
training_time_seconds,144.1626449303391,18.478344916210585
inference_total_seconds,0.7043502357167503,0.08249804005070616
inference_avg_ms_per_example,0.12806367922122733,0.01499964364558294
inference_examples_per_sec,7909.58810804209,862.6436157185185
parameter_count,4284311.0,0.0
trainable_parameter_count,4284311.0,0.0
